,gameId,season,week,lastName,firstName,position,uniformNumber,opponent,team,att,comp,passYds,passTds,ints,sacks,sackYds,rush,rushYds,rushTds,rec,recYds,recTds
1,4936,2020,1,Garoppolo,J,QB,10,Cardinals,49ers,33,19,259,2,0,3,16,1,9,0,0,0,0
10,4932,2020,1,Trubisky,Mitchell,QB,10,Lions,Bears,36,20,242,3,0,1,28,3,26,0,0,0,0
22,4935,2020,1,Burrow,Joe,QB,9,Chargers,Bengals,36,23,193,0,1,3,20,8,46,1,0,0,0
32,4926,2020,1,Allen,Josh,QB,17,Jets,Bills,46,33,312,2,0,3,6,14,57,1,0,0,0
42,4940,2020,1,Lock,Drew,QB,3,Titans,Broncos,33,22,216,1,0,0,0,3,5,0,0,0,0
56,4929,2020,1,Mayfield,Baker,QB,6,Ravens,Browns,39,21,189,1,1,2,21,2,3,0,0,0,0
68,4937,2020,1,Brady,T,QB,12,Saints,Buccaneers,36,23,239,2,2,3,15,3,9,1,0,0,0
80,4936,2020,1,Murray,Kyler,QB,1,49ers,Cardinals,40,26,230,1,1,2,6,13,91,1,0,0,0
81,4936,2020,1,Streveler,Chris,QB,15,49ers,Cardinals,0,0,0,0,0,0,0,1,3,0,0,0,0
90,4935,2020,1,Taylor,T,QB,2,Bengals,Chargers,30,16,208,0,0,2,1,6,7,0,0,0,0
101,4925,2020,1,Mahomes,Patrick,QB,15,Texans,Chiefs,32,24,211,3,0,1,8,0,0,0,0,0,0
109,4930,2020,1,Rivers,P,QB,17,Jaguars,Colts,46,36,363,1,2,0,0,1,3,0,0,0,0
110,4930,2020,1,Brissett,J,QB,7,Jaguars,Colts,0,0,0,0,0,1,6,0,0,0,0,0,0
121,4938,2020,1,Prescott,D,QB,4,Rams,Cowboys,39,25,266,1,0,3,22,3,30,0,0,0,0
130,4934,2020,1,Fitzpatrick,R,QB,12,Patriots,Dolphins,30,20,191,0,3,1,9,5,18,0,0,0,0
140,4928,2020,1,Wentz,C,QB,11,Washington,Eagles,42,24,270,2,2,8,62,1,2,0,0,0,0
151,4933,2020,1,Ryan,M,QB,2,Seahawks,Falcons,54,37,450,2,1,2,16,1,-1,0,0,0,0
173,4930,2020,1,Minshew,Gardner,QB,15,Colts,Jaguars,20,19,173,3,0,4,23,5,19,0,0,0,0
184,4926,2020,1,Darnold,Sam,QB,14,Bills,Jets,35,21,215,1,1,3,13,1,6,0,0,0,0
196,4932,2020,1,Stafford,M,QB,9,Bears,Lions,42,24,297,1,1,1,9,5,23,0,0,0,0
205,4927,2020,1,Rodgers,A,QB,12,Vikings,Packers,44,32,364,4,0,0,0,1,2,0,0,0,0
206,4927,2020,1,Boyle,Tim,QB,8,Vikings,Packers,0,0,0,0,0,0,0,2,-2,0,0,0,0
216,4931,2020,1,Bridgewater,T,QB,5,Raiders,Panthers,34,22,270,1,0,1,10,4,26,0,0,0,0
228,4934,2020,1,Newton,C,QB,1,Dolphins,Patriots,19,15,155,0,0,2,15,15,75,2,0,0,0
236,4931,2020,1,Carr,D,QB,5,Panthers,Raiders,30,22,239,1,0,0,0,0,0,0,0,0,0
246,4938,2020,1,Goff,J,QB,16,Cowboys,Rams,31,20,275,0,1,1,6,4,15,0,0,0,0
257,4929,2020,1,Jackson,Lamar,QB,8,Browns,Ravens,25,20,275,3,0,2,14,7,45,0,0,0,0
258,4929,2020,1,Griffin,R,QB,10,Browns,Ravens,1,1,9,0,0,0,0,1,-1,0,0,0,0
271,4937,2020,1,Brees,D,QB,9,Buccaneers,Saints,30,18,160,2,0,1,9,2,0,0,0,0,0
272,4937,2020,1,Hill,Taysom,QB,7,Buccaneers,Saints,1,1,38,0,0,0,0,3,13,0,1,14,0
282,4933,2020,1,Wilson,R,QB,3,Falcons,Seahawks,35,31,322,4,0,3,23,3,29,0,0,0,0
293,4939,2020,1,Roethlisberger,B,QB,7,Giants,Steelers,32,21,229,3,0,2,21,3,9,0,0,0,0
304,4925,2020,1,Watson,Deshaun,QB,4,Chiefs,Texans,32,20,253,1,1,4,11,6,27,1,0,0,0
314,4940,2020,1,Tannehill,R,QB,17,Broncos,Titans,43,29,249,2,0,1,2,3,14,0,0,0,0
325,4927,2020,1,Cousins,K,QB,12,Packers,Vikings,25,19,259,2,1,2,11,4,34,0,0,0,0
335,4928,2020,1,Haskins,Dwayne,QB,7,Eagles,Washington,31,17,178,1,0,3,19,7,17,0,0,0,0
336,4928,2020,1,Thomas,L,QB,6,Eagles,Washington,0,0,0,0,0,0,0,0,0,0,4,37,1
1,5233,2020,2,Garoppolo,J,QB,10,Jets,49ers,16,14,131,2,0,1,8,0,0,0,0,0,0
2,5233,2020,2,Mullens,Nick,QB,4,Jets,49ers,11,8,71,0,1,2,17,2,-2,0,0,0,0
13,5237,2020,2,Trubisky,Mitchell,QB,10,Giants,Bears,28,18,190,2,2,4,21,4,16,0,0,0,0
26,5228,2020,2,Burrow,Joe,QB,9,Browns,Bengals,61,37,316,3,0,3,31,7,19,0,0,0,0
37,5234,2020,2,Allen,Josh,QB,17,Dolphins,Bills,35,24,417,4,0,1,4,4,18,0,0,0,0
50,5231,2020,2,Lock,Drew,QB,3,Steelers,Broncos,5,1,20,0,0,1,8,0,0,0,0,0,0
51,5231,2020,2,Driskel,Jeff,QB,6,Steelers,Broncos,34,18,256,2,1,6,53,2,5,0,0,0,0
63,5228,2020,2,Mayfield,Baker,QB,6,Bengals,Browns,23,16,219,2,1,0,0,3,5,0,0,0,0
72,5230,2020,2,Brady,T,QB,12,Panthers,Buccaneers,35,23,217,1,1,0,0,1,0,0,0,0,0
83,5239,2020,2,Murray,Kyler,QB,1,Washington,Cardinals,38,26,286,1,1,3,8,8,67,2,0,0,0
92,5241,2020,2,Herbert,Justin,QB,10,Chiefs,Chargers,33,22,311,1,1,2,15,4,18,1,0,0,0
100,5241,2020,2,Mahomes,Patrick,QB,15,Chargers,Chiefs,47,27,302,2,0,1,13,6,54,0,0,0,0
109,5235,2020,2,Rivers,P,QB,17,Vikings,Colts,25,19,214,1,1,2,11,4,3,0,0,0,0
120,5232,2020,2,Prescott,D,QB,4,Falcons,Cowboys,47,34,450,1,0,1,0,5,18,3,0,0,0
121,5232,2020,2,Dalton,A,QB,14,Falcons,Cowboys,1,0,0,0,0,0,0,0,0,0,0,0,0
133,5234,2020,2,Fitzpatrick,R,QB,12,Bills,Dolphins,47,31,328,2,0,3,17,3,12,0,0,0,0
144,5229,2020,2,Wentz,C,QB,11,Rams,Eagles,43,26,242,0,2,0,0,2,7,1,0,0,0
154,5232,2020,2,Ryan,M,QB,2,Cowboys,Falcons,36,24,273,4,0,1,6,4,16,0,0,0,0
174,5238,2020,2,Minshew,Gardner,QB,15,Titans,Jaguars,45,30,339,3,2,2,24,4,19,0,0,0,0
185,5233,2020,2,Darnold,Sam,QB,14,49ers,Jets,32,21,179,1,0,1,6,2,7,0,0,0,0
197,5236,2020,2,Stafford,M,QB,9,Packers,Lions,33,20,244,2,1,4,26,1,4,0,0,0,0
207,5236,2020,2,Rodgers,A,QB,12,Lions,Packers,30,18,240,2,0,1,11,2,12,0,1,-6,0
208,5236,2020,2,Boyle,Tim,QB,8,Lions,Packers,0,0,0,0,0,0,0,2,-1,0,0,0,0
220,5230,2020,2,Bridgewater,T,QB,5,Buccaneers,Panthers,42,33,367,0,2,5,27,0,0,0,0,0,0
231,5242,2020,2,Newton,C,QB,1,Seahawks,Patriots,44,30,397,1,1,1,0,11,47,2,0,0,0
240,5243,2020,2,Carr,D,QB,5,Saints,Raiders,38,28,282,3,0,3,23,3,3,0,0,0,0
253,5229,2020,2,Goff,J,QB,16,Eagles,Rams,27,20,267,3,0,1,9,7,13,0,0,0,0
263,5240,2020,2,Jackson,Lamar,QB,8,Texans,Ravens,24,18,204,1,0,4,27,16,54,0,0,0,0
275,5243,2020,2,Brees,D,QB,9,Raiders,Saints,38,26,312,1,1,0,0,0,0,0,0,0,0
276,5243,2020,2,Hill,Taysom,QB,7,Raiders,Saints,0,0,0,0,0,0,0,2,8,0,0,0,0
286,5242,2020,2,Wilson,R,QB,3,Patriots,Seahawks,28,21,288,5,1,2,13,5,39,0,0,0,0
296,5231,2020,2,Roethlisberger,B,QB,7,Broncos,Steelers,41,29,311,2,1,1,10,3,-2,0,0,0,0
307,5240,2020,2,Watson,Deshaun,QB,4,Ravens,Texans,36,25,275,1,1,4,22,5,17,0,0,0,0
317,5238,2020,2,Tannehill,R,QB,17,Jaguars,Titans,24,18,239,4,0,1,8,4,12,0,0,0,0
327,5235,2020,2,Cousins,K,QB,12,Colts,Vikings,26,11,113,0,3,3,18,0,0,0,0,0,0
338,5239,2020,2,Haskins,Dwayne,QB,7,Cardinals,Washington,33,19,223,1,0,4,24,1,8,0,0,0,0
339,5239,2020,2,Thomas,L,QB,6,Cardinals,Washington,0,0,0,0,0,0,0,0,0,0,4,26,0
1,5248,2020,3,Mullens,Nick,QB,4,Giants,49ers,36,25,343,1,0,2,16,4,0,0,0,0,0
11,5252,2020,3,Trubisky,Mitchell,QB,10,Falcons,Bears,22,13,128,1,1,2,9,1,45,0,0,0,0
12,5252,2020,3,Foles,N,QB,9,Falcons,Bears,29,16,188,3,1,0,0,3,-3,0,0,0,0
24,5251,2020,3,Burrow,Joe,QB,9,Eagles,Bengals,44,31,312,2,0,8,56,1,-1,0,0,0,0
35,5246,2020,3,Allen,Josh,QB,17,Rams,Bills,33,24,311,4,1,4,37,4,8,1,0,0,0
46,5256,2020,3,Driskel,Jeff,QB,6,Buccaneers,Broncos,30,17,176,1,1,5,45,3,14,0,0,0,0
47,5256,2020,3,Rypien,Brett,QB,4,Buccaneers,Broncos,9,8,53,0,1,1,4,0,0,0,0,0,0
58,5250,2020,3,Mayfield,Baker,QB,6,Washington,Browns,23,16,156,2,0,2,14,1,1,0,0,0,0
67,5256,2020,3,Brady,T,QB,12,Broncos,Buccaneers,38,25,297,3,0,2,12,5,0,0,0,0,0
77,5255,2020,3,Murray,Kyler,QB,1,Lions,Cardinals,35,23,270,2,3,1,2,5,29,1,0,0,0
86,5254,2020,3,Herbert,Justin,QB,10,Panthers,Chargers,49,35,330,1,1,2,11,3,15,0,0,0,0
97,5259,2020,3,Mahomes,Patrick,QB,15,Ravens,Chiefs,42,31,385,4,0,0,0,4,26,1,0,0,0
108,5253,2020,3,Rivers,P,QB,17,Jets,Colts,21,17,217,1,0,0,0,0,0,0,0,0,0
109,5253,2020,3,Brissett,J,QB,7,Jets,Colts,4,2,17,0,0,0,0,2,0,0,0,0,0
120,5257,2020,3,Prescott,D,QB,4,Seahawks,Cowboys,57,37,472,3,2,2,11,6,26,0,0,0,0
130,5244,2020,3,Fitzpatrick,R,QB,12,Jaguars,Dolphins,20,18,160,2,0,1,4,7,38,1,1,0,0
140,5251,2020,3,Wentz,C,QB,11,Bengals,Eagles,47,29,225,1,2,3,19,9,65,1,0,0,0
141,5251,2020,3,Hurts,Jalen,QB,2,Bengals,Eagles,0,0,0,0,0,0,0,2,8,0,0,0,0
153,5252,2020,3,Ryan,M,QB,2,Bears,Falcons,38,19,238,1,1,2,11,1,-1,0,0,0,0
173,5244,2020,3,Minshew,Gardner,QB,15,Dolphins,Jaguars,42,30,275,0,1,4,29,3,22,0,0,0,0
183,5253,2020,3,Darnold,Sam,QB,14,Colts,Jets,29,17,168,1,3,2,17,5,20,0,0,0,0
194,5255,2020,3,Stafford,M,QB,9,Cardinals,Lions,31,22,270,2,0,4,38,1,-3,0,0,0,0
203,5258,2020,3,Rodgers,A,QB,12,Saints,Packers,32,21,283,3,0,1,12,2,12,0,0,0,0
213,5254,2020,3,Bridgewater,T,QB,5,Chargers,Panthers,28,22,235,1,0,2,14,2,12,0,0,0,0
223,5245,2020,3,Newton,C,QB,1,Raiders,Patriots,28,17,162,1,1,2,6,9,27,0,0,0,0
233,5245,2020,3,Carr,D,QB,5,Patriots,Raiders,32,24,261,2,0,2,13,2,10,0,0,0,0
244,5246,2020,3,Goff,J,QB,16,Bills,Rams,32,23,321,2,1,2,10,2,4,1,0,0,0
254,5259,2020,3,Jackson,Lamar,QB,8,Chiefs,Ravens,28,15,97,1,0,4,27,9,83,0,0,0,0
265,5258,2020,3,Brees,D,QB,9,Packers,Saints,36,29,288,3,0,2,13,0,0,0,0,0,0
266,5258,2020,3,Hill,Taysom,QB,7,Packers,Saints,0,0,0,0,0,0,0,2,6,0,1,1,0
274,5257,2020,3,Wilson,R,QB,3,Cowboys,Seahawks,40,27,315,5,0,4,20,6,22,0,0,0,0
285,5247,2020,3,Roethlisberger,B,QB,7,Texans,Steelers,36,23,237,2,0,2,19,5,-3,0,0,0,0
297,5247,2020,3,Watson,Deshaun,QB,4,Steelers,Texans,27,19,264,2,1,5,33,1,5,0,0,0,0
308,5249,2020,3,Tannehill,R,QB,17,Vikings,Titans,37,23,321,0,1,1,11,4,9,0,1,0,0
319,5249,2020,3,Cousins,K,QB,12,Titans,Vikings,27,16,251,3,2,2,13,2,14,0,0,0,0
329,5250,2020,3,Haskins,Dwayne,QB,7,Browns,Washington,37,21,224,2,3,3,18,2,2,0,0,0,0
330,5250,2020,3,Thomas,L,QB,6,Browns,Washington,0,0,0,0,0,0,0,0,0,0,4,31,0
1,5274,2020,4,Mullens,Nick,QB,4,Eagles,49ers,26,18,200,1,2,4,28,0,0,0,0,0,0
2,5274,2020,4,Beathard,C.J.,QB,3,Eagles,49ers,19,14,138,0,0,1,9,0,0,0,0,0,0
11,5262,2020,4,Foles,N,QB,9,Colts,Bears,42,26,249,1,1,1,8,2,-1,0,0,0,0
22,5264,2020,4,Burrow,Joe,QB,9,Jaguars,Bengals,36,25,300,1,1,1,0,4,11,0,0,0,0
33,5273,2020,4,Allen,Josh,QB,17,Raiders,Bills,34,24,288,2,0,1,14,3,-1,1,0,0,0
44,5260,2020,4,Rypien,Brett,QB,4,Jets,Broncos,31,19,242,2,3,0,0,5,-5,0,0,0,0
45,5260,2020,4,Driskel,Jeff,QB,6,Jets,Broncos,0,0,0,0,0,0,0,1,9,0,0,0,0
56,5265,2020,4,Mayfield,Baker,QB,6,Cowboys,Browns,30,19,165,2,0,2,1,3,6,0,0,0,0
66,5268,2020,4,Brady,T,QB,12,Chargers,Buccaneers,46,30,369,5,1,0,0,3,-3,0,0,0,0
78,5263,2020,4,Murray,Kyler,QB,1,Panthers,Cardinals,31,24,133,3,0,1,0,6,78,0,0,0,0
87,5268,2020,4,Herbert,Justin,QB,10,Buccaneers,Chargers,25,20,290,3,1,2,12,5,14,0,0,0,0
98,5272,2020,4,Mahomes,Patrick,QB,15,Patriots,Chiefs,29,19,236,2,0,1,7,8,28,0,0,0,0
107,5262,2020,4,Rivers,P,QB,17,Bears,Colts,29,16,190,1,0,1,4,3,-4,0,0,0,0
118,5265,2020,4,Prescott,D,QB,4,Browns,Cowboys,58,41,502,4,1,3,21,2,12,0,0,0,0
128,5267,2020,4,Fitzpatrick,R,QB,12,Seahawks,Dolphins,45,29,315,0,2,1,3,6,47,1,0,0,0
141,5274,2020,4,Wentz,C,QB,11,49ers,Eagles,28,18,193,1,1,3,19,7,37,1,0,0,0
142,5274,2020,4,Hurts,Jalen,QB,2,49ers,Eagles,0,0,0,0,0,0,0,3,18,0,0,0,0
153,5275,2020,4,Ryan,M,QB,2,Packers,Falcons,39,28,285,0,0,4,36,2,10,0,0,0,0
174,5264,2020,4,Minshew,Gardner,QB,15,Bengals,Jaguars,40,27,351,2,1,3,11,2,9,0,0,0,0
183,5260,2020,4,Darnold,Sam,QB,14,Broncos,Jets,42,23,230,0,0,6,54,6,84,1,0,0,0
184,5260,2020,4,Flacco,J,QB,5,Broncos,Jets,2,2,16,0,0,0,0,0,0,0,0,0,0
197,5261,2020,4,Stafford,M,QB,9,Saints,Lions,31,17,206,3,1,3,15,3,21,0,0,0,0
207,5275,2020,4,Rodgers,A,QB,12,Falcons,Packers,33,27,327,4,0,1,12,1,5,0,0,0,0
208,5275,2020,4,Boyle,Tim,QB,8,Falcons,Packers,0,0,0,0,0,0,0,1,-1,0,0,0,0
217,5263,2020,4,Bridgewater,T,QB,5,Cardinals,Panthers,37,26,276,2,1,0,0,6,32,1,0,0,0
229,5272,2020,4,Hoyer,B,QB,8,Chiefs,Patriots,24,15,130,0,1,2,18,1,8,0,0,0,0
230,5272,2020,4,Stidham,Jarrett,QB,4,Chiefs,Patriots,13,5,60,1,2,0,0,2,3,0,0,0,0
240,5273,2020,4,Carr,D,QB,5,Bills,Raiders,44,32,311,2,0,2,14,4,20,0,0,0,0
251,5271,2020,4,Goff,J,QB,16,Giants,Rams,32,25,200,1,0,2,18,3,-3,0,0,0,0
263,5270,2020,4,Jackson,Lamar,QB,8,Washington,Ravens,21,14,193,2,1,1,2,7,53,1,0,0,0
264,5270,2020,4,Griffin,R,QB,10,Washington,Ravens,1,0,0,0,1,0,0,3,3,0,0,0,0
276,5261,2020,4,Brees,D,QB,9,Lions,Saints,25,19,246,2,1,2,18,3,-3,0,0,0,0
277,5261,2020,4,Hill,Taysom,QB,7,Lions,Saints,0,0,0,0,0,0,0,3,6,0,1,8,0
285,5267,2020,4,Wilson,R,QB,3,Dolphins,Seahawks,34,24,360,2,1,2,17,4,5,0,0,0,0
295,5266,2020,4,Watson,Deshaun,QB,4,Vikings,Texans,33,20,300,2,0,2,7,5,9,0,0,0,0
306,5266,2020,4,Cousins,K,QB,12,Texans,Vikings,22,16,260,1,0,3,12,4,5,0,0,0,0
316,5270,2020,4,Haskins,Dwayne,QB,7,Ravens,Washington,45,32,314,0,0,3,40,3,3,1,0,0,0
317,5270,2020,4,Thomas,L,QB,6,Ravens,Washington,0,0,0,0,0,0,0,0,0,0,1,8,0
1,5285,2020,5,Garoppolo,J,QB,10,Dolphins,49ers,17,7,77,0,2,3,23,0,0,0,0,0,0
2,5285,2020,5,Beathard,C.J.,QB,3,Dolphins,49ers,18,9,94,1,0,2,20,0,0,0,0,0,0
13,5269,2020,5,Foles,N,QB,9,Buccaneers,Bears,42,30,243,1,1,3,35,1,-1,0,0,0,0
25,5284,2020,5,Burrow,Joe,QB,9,Ravens,Bengals,30,19,183,0,1,7,48,3,10,0,0,0,0
35,5281,2020,5,Allen,Josh,QB,17,Titans,Bills,41,26,263,2,2,1,10,4,18,0,0,0,0
36,5281,2020,5,Barkley,M,QB,2,Titans,Bills,5,3,22,0,0,0,0,0,0,0,0,0,0
49,5287,2020,5,Mayfield,Baker,QB,6,Colts,Browns,37,21,247,2,2,1,4,2,17,0,0,0,0
58,5269,2020,5,Brady,T,QB,12,Bears,Buccaneers,41,25,253,1,0,3,20,3,0,0,0,0,0
67,5282,2020,5,Murray,Kyler,QB,1,Jets,Cardinals,37,27,380,1,1,1,11,9,31,1,0,0,0
77,5289,2020,5,Herbert,Justin,QB,10,Saints,Chargers,34,20,264,4,0,3,25,4,8,0,0,0,0
88,5277,2020,5,Mahomes,Patrick,QB,15,Raiders,Chiefs,43,22,340,2,1,3,7,6,21,1,0,0,0
98,5287,2020,5,Rivers,P,QB,17,Browns,Colts,33,21,243,0,2,1,3,1,-1,0,0,0,0
109,5286,2020,5,Prescott,D,QB,4,Giants,Cowboys,21,14,166,0,1,1,7,2,7,0,1,11,1
110,5286,2020,5,Dalton,A,QB,14,Giants,Cowboys,11,9,111,0,0,1,5,1,0,0,0,0,0
119,5285,2020,5,Fitzpatrick,R,QB,12,49ers,Dolphins,28,22,350,3,0,2,8,3,16,0,0,0,0
131,5283,2020,5,Wentz,C,QB,11,Steelers,Eagles,35,20,258,2,2,5,34,4,11,0,0,0,0
132,5283,2020,5,Hurts,Jalen,QB,2,Steelers,Eagles,1,1,18,0,0,0,0,0,0,0,0,0,0
142,5276,2020,5,Ryan,M,QB,2,Panthers,Falcons,37,21,226,0,1,2,23,1,-1,0,0,0,0
164,5280,2020,5,Minshew,Gardner,QB,15,Texans,Jaguars,49,31,301,2,0,3,8,4,18,0,0,0,0
174,5282,2020,5,Flacco,J,QB,5,Cardinals,Jets,33,18,195,1,0,2,17,4,20,0,0,0,0
184,5276,2020,5,Bridgewater,T,QB,5,Falcons,Panthers,37,27,313,2,0,0,0,3,3,0,0,0,0
194,5277,2020,5,Carr,D,QB,5,Chiefs,Raiders,31,22,347,3,1,1,1,4,1,0,0,0,0
205,5279,2020,5,Goff,J,QB,16,Washington,Rams,30,21,309,2,1,1,9,3,0,1,0,0,0
216,5284,2020,5,Jackson,Lamar,QB,8,Bengals,Ravens,37,19,180,2,1,1,9,2,3,0,0,0,0
217,5284,2020,5,Griffin,R,QB,10,Bengals,Ravens,0,0,0,0,0,0,0,1,-1,0,0,0,0
230,5289,2020,5,Brees,D,QB,9,Chargers,Saints,47,33,325,1,1,2,12,1,1,1,0,0,0
231,5289,2020,5,Hill,Taysom,QB,7,Chargers,Saints,1,0,0,0,0,0,0,3,13,1,0,0,0
241,5288,2020,5,Wilson,R,QB,3,Vikings,Seahawks,32,20,217,3,1,4,27,5,58,0,0,0,0
250,5283,2020,5,Roethlisberger,B,QB,7,Eagles,Steelers,34,27,239,3,0,1,8,2,-2,0,0,0,0
261,5280,2020,5,Watson,Deshaun,QB,4,Jaguars,Texans,35,25,359,3,2,1,2,2,25,0,0,0,0
271,5281,2020,5,Tannehill,R,QB,17,Bills,Titans,28,21,195,3,0,0,0,4,42,1,0,0,0
281,5288,2020,5,Cousins,K,QB,12,Seahawks,Vikings,39,27,249,2,1,3,1,1,2,0,0,0,0
293,5279,2020,5,Allen,Kyle,QB,7,Rams,Washington,13,9,74,0,0,2,10,1,7,1,0,0,0
294,5279,2020,5,Smith,A,QB,11,Rams,Washington,17,9,37,0,0,6,31,1,1,0,0,0,0
295,5279,2020,5,Thomas,L,QB,6,Rams,Washington,0,0,0,0,0,0,0,0,0,0,1,4,0
1,5300,2020,6,Garoppolo,J,QB,10,Rams,49ers,33,23,268,3,0,0,0,4,8,0,0,0,0
11,5291,2020,6,Foles,N,QB,9,Panthers,Bears,39,23,198,1,1,0,0,5,4,1,0,0,0
21,5292,2020,6,Burrow,Joe,QB,9,Colts,Bengals,39,25,313,0,1,2,13,3,2,1,0,0,0
32,5290,2020,6,Allen,Josh,QB,17,Chiefs,Bills,27,14,122,2,1,0,0,8,42,0,0,0,0
42,5278,2020,6,Lock,Drew,QB,3,Patriots,Broncos,24,10,189,0,2,2,25,5,-1,0,0,0,0
53,5298,2020,6,Mayfield,Baker,QB,6,Steelers,Browns,18,10,119,1,2,4,20,1,5,0,0,0,0
54,5298,2020,6,Keenum,C,QB,7,Steelers,Browns,10,5,46,0,0,0,0,0,0,0,0,0,0
64,5299,2020,6,Brady,T,QB,12,Packers,Buccaneers,27,17,166,2,0,0,0,0,0,0,0,0,0
65,5299,2020,6,Gabbert,B,QB,11,Packers,Buccaneers,1,0,0,0,0,0,0,3,2,0,0,0,0
77,5301,2020,6,Murray,Kyler,QB,1,Cowboys,Cardinals,24,9,188,2,0,1,11,10,74,1,0,0,0
86,5290,2020,6,Mahomes,Patrick,QB,15,Bills,Chiefs,26,21,225,2,0,1,4,10,36,0,0,0,0
97,5292,2020,6,Rivers,P,QB,17,Bengals,Colts,44,29,371,3,1,1,0,1,-1,0,0,0,0
107,5301,2020,6,Dalton,A,QB,14,Cardinals,Cowboys,54,34,266,1,2,3,19,2,4,0,0,0,0
118,5302,2020,6,Fitzpatrick,R,QB,12,Jets,Dolphins,27,18,191,3,2,2,8,1,4,0,0,0,0
119,5302,2020,6,Tagovailoa,Tua,QB,1,Jets,Dolphins,2,2,9,0,0,0,0,0,0,0,0,0,0
129,5297,2020,6,Wentz,C,QB,11,Ravens,Eagles,40,21,213,2,0,6,43,5,49,1,0,0,0
130,5297,2020,6,Hurts,Jalen,QB,2,Ravens,Eagles,0,0,0,0,0,0,0,2,23,0,1,3,0
141,5294,2020,6,Ryan,M,QB,2,Vikings,Falcons,40,30,371,4,0,2,8,4,8,0,0,0,0
161,5293,2020,6,Minshew,Gardner,QB,15,Lions,Jaguars,44,25,243,1,1,1,12,3,14,1,1,0,0
171,5302,2020,6,Flacco,J,QB,5,Dolphins,Jets,44,21,186,0,1,3,38,1,0,0,0,0,0
182,5293,2020,6,Stafford,M,QB,9,Jaguars,Lions,31,19,223,1,1,0,0,5,14,0,0,0,0
192,5299,2020,6,Rodgers,A,QB,12,Buccaneers,Packers,35,16,160,0,2,4,42,2,14,0,0,0,0
193,5299,2020,6,Boyle,Tim,QB,8,Buccaneers,Packers,0,0,0,0,0,1,11,0,0,0,0,0,0
204,5291,2020,6,Bridgewater,T,QB,5,Bears,Panthers,29,16,216,0,2,4,25,8,48,0,0,0,0
215,5278,2020,6,Newton,C,QB,1,Broncos,Patriots,25,17,157,0,2,4,24,10,76,1,1,16,0
224,5300,2020,6,Goff,J,QB,16,49ers,Rams,38,19,189,2,1,0,0,1,10,0,0,0,0
234,5297,2020,6,Jackson,Lamar,QB,8,Eagles,Ravens,27,16,186,1,0,3,13,9,108,1,0,0,0
246,5298,2020,6,Roethlisberger,B,QB,7,Browns,Steelers,22,14,162,1,0,2,20,3,5,0,0,0,0
247,5298,2020,6,Rudolph,Mason,QB,2,Browns,Steelers,1,1,6,0,0,0,0,3,-3,0,0,0,0
256,5296,2020,6,Watson,Deshaun,QB,4,Titans,Texans,37,28,335,4,0,2,15,4,26,0,0,0,0
265,5296,2020,6,Tannehill,R,QB,17,Texans,Titans,41,30,364,4,1,2,26,0,0,0,0,0,0
277,5294,2020,6,Cousins,K,QB,12,Falcons,Vikings,36,24,343,3,3,1,10,0,0,0,0,0,0
286,5295,2020,6,Allen,Kyle,QB,7,Giants,Washington,42,31,280,2,1,3,29,2,8,0,0,0,0
287,5295,2020,6,Thomas,L,QB,6,Giants,Washington,0,0,0,0,0,0,0,0,0,0,3,42,1
1,5314,2020,7,Garoppolo,J,QB,10,Patriots,49ers,25,20,277,0,2,1,7,1,4,0,0,0,0
11,5316,2020,7,Foles,N,QB,9,Rams,Bears,40,28,261,0,2,4,31,0,0,0,0,0,0
21,5306,2020,7,Burrow,Joe,QB,9,Browns,Bengals,47,35,406,3,1,4,35,6,28,1,0,0,0
31,5309,2020,7,Allen,Josh,QB,17,Jets,Bills,43,30,307,0,0,2,11,11,61,0,0,0,0
42,5313,2020,7,Lock,Drew,QB,3,Chiefs,Broncos,40,24,254,0,2,3,20,3,8,1,0,0,0
55,5306,2020,7,Mayfield,Baker,QB,6,Bengals,Browns,28,22,294,5,1,0,0,1,-1,0,0,0,0
63,5315,2020,7,Brady,T,QB,12,Raiders,Buccaneers,45,33,369,4,0,0,0,1,1,1,0,0,0
74,5312,2020,7,Murray,Kyler,QB,1,Seahawks,Cardinals,48,34,360,3,1,0,0,14,67,1,0,0,0
83,5317,2020,7,Herbert,Justin,QB,10,Jaguars,Chargers,43,27,347,3,0,1,2,9,66,1,0,0,0
84,5317,2020,7,Stick,Easton,QB,2,Jaguars,Chargers,1,1,4,0,0,0,0,1,-2,0,0,0,0
97,5313,2020,7,Mahomes,Patrick,QB,15,Broncos,Chiefs,23,15,200,1,0,3,25,0,0,0,0,0,0
98,5313,2020,7,Henne,C,QB,7,Broncos,Chiefs,2,2,13,0,0,1,3,4,-2,1,0,0,0
109,5311,2020,7,Dalton,A,QB,14,Washington,Cowboys,19,9,75,0,1,3,31,3,16,0,0,0,0
110,5311,2020,7,DiNucci,Ben,QB,7,Washington,Cowboys,3,2,39,0,0,3,25,1,0,0,0,0,0
117,5304,2020,7,Wentz,C,QB,11,Giants,Eagles,43,25,359,2,1,3,13,7,14,1,0,0,0
118,5304,2020,7,Hurts,Jalen,QB,2,Giants,Eagles,0,0,0,0,0,0,0,2,2,0,0,0,0
129,5305,2020,7,Ryan,M,QB,2,Lions,Falcons,42,31,338,1,0,2,16,0,0,0,0,0,0
150,5317,2020,7,Minshew,Gardner,QB,15,Chargers,Jaguars,27,14,173,2,0,5,19,4,21,0,0,0,0
160,5309,2020,7,Darnold,Sam,QB,14,Bills,Jets,23,12,120,0,2,6,29,0,0,0,0,0,0
171,5305,2020,7,Stafford,M,QB,9,Falcons,Lions,36,25,340,1,0,2,18,1,8,0,0,0,0
181,5307,2020,7,Rodgers,A,QB,12,Texans,Packers,34,23,283,4,0,0,0,0,0,0,0,0,0
182,5307,2020,7,Boyle,Tim,QB,8,Texans,Packers,0,0,0,0,0,0,0,2,-1,0,0,0,0
192,5308,2020,7,Bridgewater,T,QB,5,Saints,Panthers,28,23,254,2,0,1,8,2,10,0,0,0,0
204,5314,2020,7,Newton,C,QB,1,49ers,Patriots,15,9,98,0,3,1,8,5,19,0,0,0,0
205,5314,2020,7,Stidham,Jarrett,QB,4,49ers,Patriots,10,6,64,0,1,1,7,2,3,0,0,0,0
217,5315,2020,7,Carr,D,QB,5,Buccaneers,Raiders,36,24,284,2,1,3,13,2,19,0,0,0,0
228,5316,2020,7,Goff,J,QB,16,Bears,Rams,33,23,219,2,0,1,9,4,1,0,0,0,0
239,5308,2020,7,Brees,D,QB,9,Panthers,Saints,36,29,287,2,0,1,10,3,2,1,0,0,0
240,5308,2020,7,Hill,Taysom,QB,7,Panthers,Saints,1,1,0,0,0,0,0,1,6,0,0,0,0
250,5312,2020,7,Wilson,R,QB,3,Cardinals,Seahawks,50,33,388,3,3,2,16,6,84,0,0,0,0
262,5303,2020,7,Roethlisberger,B,QB,7,Titans,Steelers,49,32,268,2,3,0,0,1,-1,0,0,0,0
274,5307,2020,7,Watson,Deshaun,QB,4,Packers,Texans,39,29,309,2,0,3,23,7,38,0,0,0,0
283,5303,2020,7,Tannehill,R,QB,17,Steelers,Titans,30,18,220,2,0,2,10,2,5,0,0,0,0
293,5311,2020,7,Allen,Kyle,QB,7,Cowboys,Washington,25,15,194,2,0,2,5,4,11,0,0,0,0
294,5311,2020,7,Thomas,L,QB,6,Cowboys,Washington,0,0,0,0,0,0,0,0,0,0,4,60,1
1,5327,2020,8,Garoppolo,J,QB,10,Seahawks,49ers,16,11,84,0,1,3,23,4,4,0,0,0,0
2,5327,2020,8,Mullens,Nick,QB,4,Seahawks,49ers,25,18,238,2,0,0,0,0,0,0,0,0,0
12,5326,2020,8,Foles,N,QB,9,Saints,Bears,41,28,272,2,1,5,39,0,0,0,0,0,0
13,5326,2020,8,Trubisky,Mitchell,QB,10,Saints,Bears,0,0,0,0,0,0,0,1,3,0,0,0,0
23,5320,2020,8,Burrow,Joe,QB,9,Titans,Bengals,37,26,249,2,0,0,0,3,9,0,0,0,0
33,5319,2020,8,Allen,Josh,QB,17,Patriots,Bills,18,11,154,0,1,1,5,10,23,1,0,0,0
42,5330,2020,8,Lock,Drew,QB,3,Chargers,Broncos,41,26,248,3,1,2,5,2,-1,0,0,0,0
53,5321,2020,8,Mayfield,Baker,QB,6,Raiders,Browns,25,12,122,0,0,0,0,6,29,0,0,0,0
60,5329,2020,8,Brady,T,QB,12,Giants,Buccaneers,40,28,279,2,0,2,16,1,-1,0,0,0,0
71,5330,2020,8,Herbert,Justin,QB,10,Broncos,Chargers,43,29,278,3,2,2,3,3,21,0,0,0,0
83,5324,2020,8,Mahomes,Patrick,QB,15,Jets,Chiefs,42,31,416,5,0,0,0,0,0,0,0,0,0
84,5324,2020,8,Henne,C,QB,7,Jets,Chiefs,4,3,17,0,0,0,0,1,0,0,0,0,0
96,5322,2020,8,Rivers,P,QB,17,Lions,Colts,33,23,262,3,0,2,15,2,-2,0,0,0,0
108,5328,2020,8,DiNucci,Ben,QB,7,Eagles,Cowboys,40,21,180,0,0,4,48,5,22,0,0,0,0
118,5325,2020,8,Tagovailoa,Tua,QB,1,Rams,Dolphins,22,12,93,1,0,1,3,2,0,0,0,0,0
129,5328,2020,8,Wentz,C,QB,11,Cowboys,Eagles,27,15,123,2,2,4,19,4,17,0,0,0,0
130,5328,2020,8,Hurts,Jalen,QB,2,Cowboys,Eagles,1,1,9,0,0,0,0,0,0,0,0,0,0
140,5318,2020,8,Ryan,M,QB,2,Panthers,Falcons,30,21,281,0,1,2,11,6,27,1,0,0,0
161,5324,2020,8,Darnold,Sam,QB,14,Chiefs,Jets,30,18,133,0,0,1,5,4,21,0,0,0,0
171,5322,2020,8,Stafford,M,QB,9,Colts,Lions,42,24,336,3,1,5,39,1,10,0,0,0,0
181,5323,2020,8,Rodgers,A,QB,12,Vikings,Packers,41,27,291,3,0,1,0,2,9,0,0,0,0
194,5318,2020,8,Bridgewater,T,QB,5,Falcons,Panthers,23,15,176,1,1,3,22,5,30,0,0,0,0
195,5318,2020,8,Walker,Phillip,QB,8,Falcons,Panthers,4,1,-7,0,0,0,0,0,0,0,0,0,0
205,5319,2020,8,Newton,C,QB,1,Bills,Patriots,25,15,174,0,0,2,13,9,54,1,0,0,0
213,5321,2020,8,Carr,D,QB,5,Browns,Raiders,24,15,112,1,0,2,11,6,41,0,0,0,0
224,5325,2020,8,Goff,J,QB,16,Dolphins,Rams,61,35,355,1,2,2,15,0,0,0,0,0,0
236,5310,2020,8,Jackson,Lamar,QB,8,Steelers,Ravens,28,13,208,2,2,4,16,16,65,0,0,0,0
247,5326,2020,8,Hill,Taysom,QB,7,Bears,Saints,0,0,0,0,0,0,0,5,35,0,2,30,1
248,5326,2020,8,Brees,D,QB,9,Bears,Saints,41,31,280,2,0,1,8,3,4,0,0,0,0
260,5327,2020,8,Wilson,R,QB,3,49ers,Seahawks,37,27,261,4,0,2,12,6,23,0,0,0,0
269,5310,2020,8,Roethlisberger,B,QB,7,Ravens,Steelers,32,21,182,2,0,2,9,0,0,0,0,0,0
280,5320,2020,8,Tannehill,R,QB,17,Bengals,Titans,30,18,233,2,1,1,10,2,20,0,0,0,0
292,5323,2020,8,Cousins,K,QB,12,Packers,Vikings,14,11,160,1,0,1,9,0,0,0,0,0,0
1,5331,2020,9,Mullens,Nick,QB,4,Packers,49ers,35,22,291,1,1,1,9,1,0,0,0,0,0
11,5338,2020,9,Foles,N,QB,9,Titans,Bears,52,36,335,2,0,3,16,2,2,0,0,0,0
22,5333,2020,9,Allen,Josh,QB,17,Seahawks,Bills,38,31,415,3,0,7,29,7,14,1,0,0,0
32,5332,2020,9,Lock,Drew,QB,3,Falcons,Broncos,48,25,313,2,1,1,11,7,47,1,0,0,0
43,5343,2020,9,Brady,T,QB,12,Saints,Buccaneers,38,22,209,0,3,3,23,0,0,0,0,0,0
44,5343,2020,9,Gabbert,B,QB,11,Saints,Buccaneers,0,0,0,0,0,0,0,1,-1,0,0,0,0
54,5341,2020,9,Murray,Kyler,QB,1,Dolphins,Cardinals,26,21,283,3,0,1,19,11,106,1,0,0,0
64,5340,2020,9,Herbert,Justin,QB,10,Raiders,Chargers,42,28,326,2,0,2,14,5,24,0,0,0,0
76,5336,2020,9,Mahomes,Patrick,QB,15,Panthers,Chiefs,45,30,372,4,0,1,5,2,0,0,0,0,0
84,5334,2020,9,Rivers,P,QB,17,Ravens,Colts,43,25,227,0,1,0,0,0,0,0,0,0,0
85,5334,2020,9,Brissett,J,QB,7,Ravens,Colts,1,0,0,0,0,0,0,0,0,0,0,0,0
96,5342,2020,9,Gilbert,Garrett,QB,3,Steelers,Cowboys,38,21,243,1,1,2,23,3,28,0,0,0,0
106,5341,2020,9,Tagovailoa,Tua,QB,1,Cardinals,Dolphins,28,20,248,2,0,3,27,7,35,0,0,0,0
119,5332,2020,9,Ryan,M,QB,2,Broncos,Falcons,35,25,284,3,1,2,13,3,10,0,0,0,0
141,5335,2020,9,Luton,Jake,QB,6,Texans,Jaguars,38,26,304,1,1,2,7,0,0,0,0,0,0
151,5344,2020,9,Flacco,J,QB,5,Patriots,Jets,25,18,262,3,1,1,5,0,0,0,0,0,0
160,5337,2020,9,Stafford,M,QB,9,Vikings,Lions,32,23,211,1,2,2,13,0,0,0,0,0,0
161,5337,2020,9,Daniel,C,QB,10,Vikings,Lions,13,8,94,1,1,0,0,1,5,0,0,0,0
171,5331,2020,9,Rodgers,A,QB,12,49ers,Packers,31,25,305,4,0,1,11,1,7,0,0,0,0
172,5331,2020,9,Lovett,John,QB,40,49ers,Packers,0,0,0,0,0,0,0,3,6,0,0,0,0
173,5331,2020,9,Boyle,Tim,QB,8,49ers,Packers,0,0,0,0,0,0,0,1,-1,0,0,0,0
185,5336,2020,9,Bridgewater,T,QB,5,Chiefs,Panthers,49,36,301,2,0,2,7,2,19,1,0,0,0
195,5344,2020,9,Newton,C,QB,1,Jets,Patriots,35,27,274,0,0,0,0,10,16,2,0,0,0
202,5340,2020,9,Carr,D,QB,5,Chargers,Raiders,23,13,165,2,0,1,5,2,14,0,0,0,0
213,5334,2020,9,Jackson,Lamar,QB,8,Colts,Ravens,23,19,170,0,0,2,14,13,58,1,0,0,0
225,5343,2020,9,Brees,D,QB,9,Buccaneers,Saints,32,26,222,4,0,1,0,2,-2,0,0,0,0
226,5343,2020,9,Hill,Taysom,QB,7,Buccaneers,Saints,2,2,48,0,0,0,0,7,54,0,1,21,0
227,5343,2020,9,Winston,J,QB,3,Buccaneers,Saints,1,1,12,0,0,0,0,3,-3,0,0,0,0
239,5333,2020,9,Wilson,R,QB,3,Bills,Seahawks,41,28,390,2,2,5,28,2,5,1,0,0,0
250,5342,2020,9,Roethlisberger,B,QB,7,Cowboys,Steelers,42,29,306,3,0,0,0,1,8,0,0,0,0
251,5342,2020,9,Rudolph,Mason,QB,2,Cowboys,Steelers,3,2,3,0,0,0,0,0,0,0,0,0,0
262,5335,2020,9,Watson,Deshaun,QB,4,Jaguars,Texans,32,19,281,2,0,2,14,10,50,0,0,0,0
272,5338,2020,9,Tannehill,R,QB,17,Bears,Titans,21,10,158,2,0,3,22,3,3,0,0,0,0
282,5337,2020,9,Cousins,K,QB,12,Lions,Vikings,20,13,220,3,0,1,8,0,0,0,0,0,0
294,5339,2020,9,Allen,Kyle,QB,7,Giants,Washington,7,5,62,0,0,0,0,0,0,0,0,0,0
295,5339,2020,9,Thomas,L,QB,6,Giants,Washington,0,0,0,0,0,0,0,0,0,0,3,28,0
296,5339,2020,9,Smith,A,QB,11,Giants,Washington,32,24,325,1,3,2,22,0,0,0,0,0,0
1,5355,2020,10,Mullens,Nick,QB,4,Saints,49ers,38,24,247,1,2,2,15,1,3,0,0,0,0
2,5355,2020,10,Beathard,C.J.,QB,3,Saints,49ers,1,0,0,0,0,0,0,0,0,0,0,0,0
12,5358,2020,10,Foles,N,QB,9,Vikings,Bears,26,15,106,0,1,2,16,2,-3,0,0,0,0
13,5358,2020,10,Bray,Tyler,QB,0,Vikings,Bears,5,1,18,0,0,0,0,0,0,0,0,0,0
23,5352,2020,10,Burrow,Joe,QB,9,Steelers,Bengals,40,21,213,1,0,4,28,0,0,0,0,0,0
35,5353,2020,10,Allen,Josh,QB,17,Cardinals,Bills,49,32,284,2,2,0,0,7,38,0,1,12,1
45,5354,2020,10,Lock,Drew,QB,3,Raiders,Broncos,47,23,257,1,4,2,10,2,7,0,0,0,0
56,5348,2020,10,Mayfield,Baker,QB,6,Texans,Browns,20,12,132,0,0,1,7,3,1,0,0,0,0
64,5347,2020,10,Brady,T,QB,12,Panthers,Buccaneers,39,28,341,3,0,1,7,2,2,1,0,0,0
65,5347,2020,10,Gabbert,B,QB,11,Panthers,Buccaneers,0,0,0,0,0,0,0,3,0,0,0,0,0
75,5353,2020,10,Murray,Kyler,QB,1,Bills,Cardinals,32,22,245,1,1,3,9,11,61,2,0,0,0
83,5345,2020,10,Herbert,Justin,QB,10,Dolphins,Chargers,32,20,187,2,1,2,13,4,10,1,0,0,0
94,5346,2020,10,Rivers,P,QB,17,Titans,Colts,39,29,308,1,0,1,11,0,0,0,0,0,0
95,5346,2020,10,Brissett,J,QB,7,Titans,Colts,0,0,0,0,0,0,0,1,2,1,0,0,0
106,5345,2020,10,Tagovailoa,Tua,QB,1,Chargers,Dolphins,25,15,169,2,0,0,0,6,-1,0,0,0,0
117,5351,2020,10,Wentz,C,QB,11,Giants,Eagles,38,21,204,0,0,2,14,2,3,0,0,0,0
118,5351,2020,10,Hurts,Jalen,QB,2,Giants,Eagles,0,0,0,0,0,0,0,2,-1,0,0,0,0
139,5350,2020,10,Luton,Jake,QB,6,Packers,Jaguars,35,18,169,1,1,3,18,0,0,0,0,0,0
148,5349,2020,10,Stafford,M,QB,9,Washington,Lions,33,24,276,3,0,1,9,0,0,0,0,0,0
159,5350,2020,10,Rodgers,A,QB,12,Jaguars,Packers,34,24,325,2,1,1,10,3,4,1,0,0,0
168,5347,2020,10,Bridgewater,T,QB,5,Buccaneers,Panthers,24,18,136,2,1,1,5,3,16,1,0,0,0
169,5347,2020,10,Walker,Phillip,QB,8,Buccaneers,Panthers,4,2,12,0,0,1,16,0,0,0,0,0,0
180,5357,2020,10,Newton,C,QB,1,Ravens,Patriots,17,13,118,1,0,1,7,11,21,1,0,0,0
187,5354,2020,10,Carr,D,QB,5,Broncos,Raiders,25,16,154,0,0,0,0,4,10,0,0,0,0
197,5356,2020,10,Goff,J,QB,16,Seahawks,Rams,37,27,302,0,0,3,19,5,4,0,0,0,0
208,5357,2020,10,Jackson,Lamar,QB,8,Patriots,Ravens,34,24,249,2,1,2,7,11,55,0,0,0,0
220,5355,2020,10,Brees,D,QB,9,49ers,Saints,13,8,76,1,0,0,0,1,-1,0,0,0,0
221,5355,2020,10,Hill,Taysom,QB,7,49ers,Saints,0,0,0,0,0,1,5,8,43,0,0,0,0
222,5355,2020,10,Winston,J,QB,3,49ers,Saints,10,6,63,0,0,2,11,4,-2,0,0,0,0
230,5356,2020,10,Wilson,R,QB,3,Rams,Seahawks,37,22,248,0,2,6,28,8,60,0,0,0,0
241,5352,2020,10,Roethlisberger,B,QB,7,Bengals,Steelers,46,27,313,4,0,0,0,1,0,0,0,0,0
250,5348,2020,10,Watson,Deshaun,QB,4,Browns,Texans,30,20,163,1,0,2,10,8,36,0,0,0,0
262,5346,2020,10,Tannehill,R,QB,17,Colts,Titans,27,15,147,1,0,1,10,2,9,0,0,0,0
274,5358,2020,10,Cousins,K,QB,12,Bears,Vikings,36,25,292,2,1,1,6,1,-1,0,0,0,0
285,5349,2020,10,Smith,A,QB,11,Lions,Washington,55,38,390,0,0,2,15,2,4,0,0,0,0
286,5349,2020,10,Thomas,L,QB,6,Lions,Washington,0,0,0,0,0,0,0,0,0,0,4,66,0
0,5369,2020,11,Burrow,Joe,QB,9,Washington,Bengals,34,22,203,1,0,0,0,2,12,0,0,0,0
1,5369,2020,11,Finley,Ryan,QB,5,Washington,Bengals,10,3,30,0,1,4,31,1,19,0,0,0,0
10,5359,2020,11,Lock,Drew,QB,3,Dolphins,Broncos,30,18,270,0,1,0,0,2,23,0,0,0,0
21,5363,2020,11,Mayfield,Baker,QB,6,Eagles,Browns,22,12,204,0,0,3,17,6,9,0,0,0,0
30,5372,2020,11,Brady,T,QB,12,Rams,Buccaneers,48,26,199,2,2,1,7,0,0,0,0,0,0
39,5361,2020,11,Murray,Kyler,QB,1,Seahawks,Cardinals,42,29,269,2,0,3,12,5,15,0,0,0,0
49,5360,2020,11,Herbert,Justin,QB,10,Jets,Chargers,49,37,366,3,0,3,19,2,11,0,0,0,0
61,5371,2020,11,Mahomes,Patrick,QB,15,Raiders,Chiefs,45,34,348,2,1,0,0,4,16,0,0,0,0
71,5364,2020,11,Rivers,P,QB,17,Packers,Colts,36,24,288,3,1,1,8,1,-1,0,0,0,0
72,5364,2020,11,Brissett,J,QB,7,Packers,Colts,0,0,0,0,0,0,0,2,9,0,0,0,0
84,5370,2020,11,Dalton,A,QB,14,Vikings,Cowboys,32,22,203,3,1,1,7,3,5,0,1,-3,0
94,5359,2020,11,Tagovailoa,Tua,QB,1,Broncos,Dolphins,20,11,83,1,0,6,33,0,0,0,0,0,0
95,5359,2020,11,Fitzpatrick,R,QB,12,Broncos,Dolphins,18,12,117,0,1,0,0,2,6,0,0,0,0
106,5363,2020,11,Wentz,C,QB,11,Browns,Eagles,35,21,235,2,2,5,26,3,10,0,0,0,0
107,5363,2020,11,Hurts,Jalen,QB,2,Browns,Eagles,0,0,0,0,0,0,0,1,6,0,0,0,0
117,5367,2020,11,Ryan,M,QB,2,Saints,Falcons,37,19,232,0,2,8,36,0,0,0,0,0,0
129,5366,2020,11,Luton,Jake,QB,6,Steelers,Jaguars,37,16,151,0,4,2,18,0,0,0,0,0,0
139,5360,2020,11,Flacco,J,QB,5,Chargers,Jets,30,15,205,2,1,1,9,1,2,0,0,0,0
150,5362,2020,11,Stafford,M,QB,9,Panthers,Lions,33,18,178,0,0,5,33,4,5,0,0,0,0
158,5364,2020,11,Rodgers,A,QB,12,Colts,Packers,37,26,304,3,1,1,10,3,13,0,0,0,0
169,5362,2020,11,Walker,Phillip,QB,8,Lions,Panthers,34,24,258,1,2,1,0,5,-2,0,0,0,0
179,5365,2020,11,Newton,C,QB,1,Texans,Patriots,40,26,365,1,0,2,16,3,6,0,0,0,0
189,5371,2020,11,Carr,D,QB,5,Chiefs,Raiders,31,23,275,3,1,0,0,3,6,0,0,0,0
201,5372,2020,11,Goff,J,QB,16,Buccaneers,Rams,51,39,376,3,2,0,0,1,0,0,0,0,0
213,5368,2020,11,Jackson,Lamar,QB,8,Titans,Ravens,29,17,186,1,1,1,9,13,51,0,0,0,0
224,5367,2020,11,Hill,Taysom,QB,7,Falcons,Saints,23,18,233,0,0,3,23,10,51,2,0,0,0
233,5361,2020,11,Wilson,R,QB,3,Cardinals,Seahawks,28,23,197,2,0,3,15,10,42,0,0,0,0
243,5366,2020,11,Roethlisberger,B,QB,7,Jaguars,Steelers,46,32,267,2,1,0,0,0,0,0,0,0,0
244,5366,2020,11,Rudolph,Mason,QB,2,Jaguars,Steelers,0,0,0,0,0,0,0,3,-4,0,0,0,0
255,5365,2020,11,Watson,Deshaun,QB,4,Patriots,Texans,37,28,344,2,0,0,0,6,36,1,0,0,0
265,5368,2020,11,Tannehill,R,QB,17,Ravens,Titans,31,22,259,2,1,2,0,4,35,0,0,0,0
266,5368,2020,11,Woodside,Logan,QB,5,Ravens,Titans,1,1,7,0,0,0,0,0,0,0,0,0,0
278,5370,2020,11,Cousins,K,QB,12,Cowboys,Vikings,30,22,314,3,0,2,9,1,4,0,0,0,0
288,5369,2020,11,Smith,A,QB,11,Bengals,Washington,25,17,166,1,1,2,5,3,-3,0,0,0,0
289,5369,2020,11,Thomas,L,QB,6,Bengals,Washington,0,0,0,0,0,0,0,1,2,0,2,6,0
1,5385,2020,12,Mullens,Nick,QB,4,Rams,49ers,35,24,252,0,1,2,19,0,0,0,0,0,0
11,5387,2020,12,Trubisky,Mitchell,QB,10,Packers,Bears,46,26,242,3,2,3,13,3,11,0,0,0,0
23,5378,2020,12,Allen,Brandon,QB,8,Giants,Bengals,29,17,136,1,1,2,21,4,7,0,0,0,0
35,5377,2020,12,Allen,Josh,QB,17,Chargers,Bills,24,18,157,1,1,2,10,9,32,1,0,0,0
36,5377,2020,12,Barkley,M,QB,2,Chargers,Bills,0,0,0,0,0,1,7,0,0,0,0,0,0
58,5380,2020,12,Mayfield,Baker,QB,6,Jaguars,Browns,29,19,258,2,0,2,6,4,1,0,0,0,0
69,5386,2020,12,Brady,T,QB,12,Chiefs,Buccaneers,41,27,345,3,2,1,3,1,-1,0,0,0,0
80,5382,2020,12,Murray,Kyler,QB,1,Patriots,Cardinals,34,23,170,0,1,2,10,5,31,0,0,0,0
89,5377,2020,12,Herbert,Justin,QB,10,Bills,Chargers,52,31,316,1,1,3,25,2,-2,0,0,0,0
100,5386,2020,12,Mahomes,Patrick,QB,15,Buccaneers,Chiefs,49,37,462,3,0,2,6,4,28,0,0,0,0
109,5379,2020,12,Rivers,P,QB,17,Titans,Colts,42,24,295,2,1,1,6,0,0,0,0,0,0
110,5379,2020,12,Brissett,J,QB,7,Titans,Colts,2,0,0,0,0,1,9,4,3,2,0,0,0
120,5374,2020,12,Dalton,A,QB,14,Washington,Cowboys,35,25,215,1,1,3,24,3,17,0,0,0,0
128,5383,2020,12,Fitzpatrick,R,QB,12,Jets,Dolphins,39,24,257,2,0,4,16,3,10,0,0,0,0
141,5388,2020,12,Wentz,C,QB,11,Seahawks,Eagles,45,25,215,2,1,6,41,5,42,0,0,0,0
142,5388,2020,12,Hurts,Jalen,QB,2,Seahawks,Eagles,1,1,6,0,0,0,0,0,0,0,0,0,0
154,5376,2020,12,Ryan,M,QB,2,Raiders,Falcons,39,22,185,2,1,1,6,1,5,0,0,0,0
155,5376,2020,12,Schaub,M,QB,8,Raiders,Falcons,0,0,0,0,0,0,0,3,-4,0,0,0,0
167,5378,2020,12,McCoy,C,QB,12,Bengals,Giants,10,6,31,0,0,0,0,5,7,0,0,0,0
176,5380,2020,12,Glennon,M,QB,8,Browns,Jaguars,35,20,235,2,0,0,0,2,6,0,0,0,0
186,5383,2020,12,Darnold,Sam,QB,14,Dolphins,Jets,27,16,197,0,2,3,24,2,9,0,0,0,0
199,5373,2020,12,Stafford,M,QB,9,Texans,Lions,42,28,295,1,1,4,16,1,3,0,0,0,0
209,5387,2020,12,Rodgers,A,QB,12,Bears,Packers,29,21,211,4,0,0,0,2,12,0,0,0,0
210,5387,2020,12,Boyle,Tim,QB,8,Bears,Packers,0,0,0,0,0,0,0,2,0,0,0,0,0
220,5381,2020,12,Bridgewater,T,QB,5,Vikings,Panthers,36,19,267,1,1,0,0,2,12,0,0,0,0
230,5382,2020,12,Newton,C,QB,1,Cardinals,Patriots,18,9,84,0,2,3,15,9,46,0,0,0,0
238,5376,2020,12,Carr,D,QB,5,Falcons,Raiders,34,22,215,0,1,3,21,0,0,0,0,0,0
239,5376,2020,12,Peterman,Nathan,QB,18,Falcons,Raiders,5,3,25,0,0,2,16,1,9,0,0,0,0
248,5385,2020,12,Goff,J,QB,16,49ers,Rams,31,19,198,0,2,2,16,5,11,0,0,0,0
258,5375,2020,12,Griffin,R,QB,10,Steelers,Ravens,12,7,33,0,1,3,20,7,68,0,0,0,0
259,5375,2020,12,McSorley,Trace,QB,7,Steelers,Ravens,6,2,77,1,0,0,0,3,16,0,0,0,0
267,5384,2020,12,Hill,Taysom,QB,7,Broncos,Saints,16,9,78,0,1,3,15,10,44,2,0,0,0
279,5388,2020,12,Wilson,R,QB,3,Eagles,Seahawks,31,22,230,1,0,2,5,6,12,0,0,0,0
286,5375,2020,12,Roethlisberger,B,QB,7,Ravens,Steelers,51,36,266,1,1,0,0,1,-1,0,0,0,0
295,5373,2020,12,Watson,Deshaun,QB,4,Lions,Texans,25,17,318,4,0,2,11,8,24,0,0,0,0
304,5379,2020,12,Tannehill,R,QB,17,Colts,Titans,22,13,221,1,0,1,1,2,3,1,0,0,0
305,5379,2020,12,Woodside,Logan,QB,5,Colts,Titans,0,0,0,0,0,0,0,3,-5,0,0,0,0
316,5381,2020,12,Cousins,K,QB,12,Panthers,Vikings,46,35,307,3,0,2,16,3,19,0,0,0,0
327,5374,2020,12,Smith,A,QB,11,Cowboys,Washington,26,19,149,1,1,3,21,3,1,0,0,0,0
328,5374,2020,12,Thomas,L,QB,6,Cowboys,Washington,1,1,28,0,0,0,0,1,3,0,4,20,1
1,5403,2020,13,Mullens,Nick,QB,4,Bills,49ers,39,26,316,3,2,0,0,0,0,0,0,0,0
12,5391,2020,13,Trubisky,Mitchell,QB,10,Lions,Bears,34,26,267,1,0,2,18,3,6,0,0,0,0
23,5393,2020,13,Allen,Brandon,QB,8,Dolphins,Bengals,19,11,153,1,1,5,30,2,3,0,0,0,0
24,5393,2020,13,Finley,Ryan,QB,5,Dolphins,Bengals,7,6,40,0,1,1,7,0,0,0,0,0,0
34,5403,2020,13,Allen,Josh,QB,17,49ers,Bills,40,32,375,4,0,1,7,6,11,0,0,0,0
44,5402,2020,13,Lock,Drew,QB,3,Chiefs,Broncos,28,15,151,2,2,0,0,2,9,0,0,0,0
56,5396,2020,13,Mayfield,Baker,QB,6,Titans,Browns,33,25,334,4,0,0,0,4,5,0,1,6,0
64,5398,2020,13,Murray,Kyler,QB,1,Rams,Cardinals,39,21,173,3,1,2,33,5,15,0,0,0,0
72,5401,2020,13,Herbert,Justin,QB,10,Patriots,Chargers,53,26,209,0,2,3,21,0,0,0,0,0,0
84,5402,2020,13,Mahomes,Patrick,QB,15,Broncos,Chiefs,40,25,318,1,0,1,5,4,26,0,0,0,0
93,5392,2020,13,Rivers,P,QB,17,Texans,Colts,35,27,285,2,0,3,23,2,-2,0,0,0,0
94,5392,2020,13,Brissett,J,QB,7,Texans,Colts,0,0,0,0,0,0,0,2,1,0,0,0,0
106,5389,2020,13,Dalton,A,QB,14,Ravens,Cowboys,48,31,285,2,1,1,8,1,2,0,0,0,0
115,5393,2020,13,Tagovailoa,Tua,QB,1,Bengals,Dolphins,39,26,296,1,0,0,0,3,3,0,0,0,0
125,5400,2020,13,Wentz,C,QB,11,Packers,Eagles,15,6,79,0,0,4,22,3,18,0,0,0,0
126,5400,2020,13,Hurts,Jalen,QB,2,Packers,Eagles,12,5,109,1,1,3,5,5,29,0,0,0,0
137,5390,2020,13,Ryan,M,QB,2,Saints,Falcons,39,19,273,1,0,3,11,0,0,0,0,0,0
147,5399,2020,13,McCoy,C,QB,12,Seahawks,Giants,22,13,105,1,1,2,5,2,2,0,0,0,0
159,5394,2020,13,Glennon,M,QB,8,Vikings,Jaguars,42,28,280,1,2,2,14,3,9,0,0,0,0
170,5395,2020,13,Darnold,Sam,QB,14,Raiders,Jets,23,14,186,2,1,3,16,3,26,1,0,0,0
181,5391,2020,13,Stafford,M,QB,9,Bears,Lions,42,27,402,3,1,2,2,2,0,0,0,0,0
191,5400,2020,13,Rodgers,A,QB,12,Eagles,Packers,34,25,295,3,0,2,7,4,-3,0,0,0,0
202,5401,2020,13,Newton,C,QB,1,Chargers,Patriots,19,12,69,1,0,1,4,14,48,2,0,0,0
203,5401,2020,13,Stidham,Jarrett,QB,4,Chargers,Patriots,3,2,61,1,0,0,0,2,-2,0,0,0,0
214,5395,2020,13,Carr,D,QB,5,Jets,Raiders,47,28,381,3,1,2,13,2,5,1,0,0,0
226,5398,2020,13,Goff,J,QB,16,Cardinals,Rams,47,37,351,1,0,1,7,4,1,1,0,0,0
237,5389,2020,13,Jackson,Lamar,QB,8,Cowboys,Ravens,17,12,107,2,1,0,0,13,94,1,0,0,0
248,5390,2020,13,Hill,Taysom,QB,7,Falcons,Saints,37,27,232,2,0,2,15,14,83,0,0,0,0
257,5399,2020,13,Wilson,R,QB,3,Giants,Seahawks,43,27,263,1,1,5,47,7,45,0,0,0,0
268,5397,2020,13,Roethlisberger,B,QB,7,Washington,Steelers,53,33,305,2,1,0,0,1,0,0,0,0,0
278,5392,2020,13,Watson,Deshaun,QB,4,Colts,Texans,38,26,341,0,1,5,33,7,38,1,0,0,0
288,5396,2020,13,Tannehill,R,QB,17,Browns,Titans,45,29,389,4,1,3,20,0,0,0,0,0,0
299,5394,2020,13,Cousins,K,QB,12,Jaguars,Vikings,43,28,305,3,1,4,30,3,12,0,0,0,0
309,5397,2020,13,Smith,A,QB,11,Steelers,Washington,46,31,296,1,0,3,23,0,0,0,0,0,0
310,5397,2020,13,Thomas,L,QB,6,Steelers,Washington,0,0,0,0,0,0,0,0,0,0,9,98,1
1,5417,2020,14,Mullens,Nick,QB,4,Washington,49ers,45,25,257,1,1,4,24,0,0,0,0,0,0
11,5406,2020,14,Trubisky,Mitchell,QB,10,Texans,Bears,33,24,267,3,0,3,26,4,23,0,0,0,0
21,5407,2020,14,Allen,Brandon,QB,8,Cowboys,Bengals,36,27,217,1,0,0,0,4,12,0,0,0,0
22,5407,2020,14,Finley,Ryan,QB,5,Cowboys,Bengals,2,1,5,0,0,2,14,0,0,0,0,0,0
32,5418,2020,14,Allen,Josh,QB,17,Steelers,Bills,43,24,238,2,1,1,8,6,28,0,0,0,0
41,5405,2020,14,Lock,Drew,QB,3,Panthers,Broncos,27,21,280,4,0,1,11,6,4,0,0,0,0
53,5419,2020,14,Mayfield,Baker,QB,6,Ravens,Browns,47,28,343,2,1,0,0,5,23,1,0,0,0
61,5412,2020,14,Brady,T,QB,12,Vikings,Buccaneers,23,15,196,2,0,0,0,3,-2,0,0,0,0
73,5411,2020,14,Murray,Kyler,QB,1,Giants,Cardinals,35,24,244,1,0,1,13,13,47,0,0,0,0
82,5416,2020,14,Herbert,Justin,QB,10,Falcons,Chargers,44,36,243,2,1,1,3,0,0,0,0,0,0
93,5410,2020,14,Mahomes,Patrick,QB,15,Dolphins,Chiefs,34,24,393,2,3,3,39,5,9,0,0,0,0
102,5413,2020,14,Rivers,P,QB,17,Raiders,Colts,28,19,244,2,0,0,0,0,0,0,0,0,0
103,5413,2020,14,Brissett,J,QB,7,Raiders,Colts,0,0,0,0,0,0,0,2,-2,0,0,0,0
113,5407,2020,14,Dalton,A,QB,14,Bengals,Cowboys,23,16,185,2,0,2,14,1,-1,0,0,0,0
121,5410,2020,14,Tagovailoa,Tua,QB,1,Chiefs,Dolphins,48,28,316,2,1,4,29,6,24,1,0,0,0
134,5415,2020,14,Hurts,Jalen,QB,2,Saints,Eagles,30,17,167,1,0,0,0,18,106,0,0,0,0
144,5416,2020,14,Ryan,M,QB,2,Chargers,Falcons,32,21,224,1,3,2,14,1,3,0,0,0,0
155,5411,2020,14,McCoy,C,QB,12,Cardinals,Giants,3,2,18,0,0,2,12,0,0,0,0,0,0
165,5409,2020,14,Glennon,M,QB,8,Titans,Jaguars,23,13,85,0,1,0,0,0,0,0,0,0,0
166,5409,2020,14,Minshew,Gardner,QB,15,Titans,Jaguars,31,18,178,1,0,0,0,2,22,0,0,0,0
178,5414,2020,14,Darnold,Sam,QB,14,Seahawks,Jets,26,14,132,0,0,3,16,1,3,0,0,0,0
189,5408,2020,14,Stafford,M,QB,9,Packers,Lions,34,24,244,1,0,4,31,1,6,0,0,0,0
190,5408,2020,14,Daniel,C,QB,10,Packers,Lions,6,3,29,0,0,0,0,0,0,0,0,0,0
199,5408,2020,14,Rodgers,A,QB,12,Lions,Packers,33,26,290,3,0,0,0,6,13,1,0,0,0
209,5405,2020,14,Bridgewater,T,QB,5,Broncos,Panthers,40,30,283,0,0,4,38,3,31,1,0,0,0
219,5404,2020,14,Newton,C,QB,1,Rams,Patriots,16,9,119,0,1,4,21,7,16,0,0,0,0
220,5404,2020,14,Stidham,Jarrett,QB,4,Rams,Patriots,7,5,27,0,0,2,12,1,3,0,0,0,0
229,5413,2020,14,Carr,D,QB,5,Colts,Raiders,45,31,316,2,2,0,0,3,12,1,0,0,0
240,5404,2020,14,Goff,J,QB,16,Patriots,Rams,25,16,137,1,1,1,5,4,11,1,0,0,0
251,5419,2020,14,Jackson,Lamar,QB,8,Browns,Ravens,17,11,163,1,0,4,22,9,124,2,0,0,0
252,5419,2020,14,McSorley,Trace,QB,7,Browns,Ravens,4,1,13,0,0,0,0,2,1,0,0,0,0
261,5415,2020,14,Hill,Taysom,QB,7,Eagles,Saints,38,28,291,2,1,5,29,5,33,0,0,0,0
273,5414,2020,14,Wilson,R,QB,3,Jets,Seahawks,27,21,206,4,1,0,0,1,-1,0,0,0,0
274,5414,2020,14,Smith,G,QB,7,Jets,Seahawks,5,4,33,0,0,1,3,2,-2,0,0,0,0
286,5418,2020,14,Roethlisberger,B,QB,7,Bills,Steelers,37,21,187,2,2,1,10,0,0,0,0,0,0
297,5406,2020,14,Watson,Deshaun,QB,4,Bears,Texans,30,21,219,1,0,6,52,7,38,0,0,0,0
298,5406,2020,14,McCarron,A,QB,5,Bears,Texans,0,0,0,0,0,1,12,0,0,0,0,0,0
308,5409,2020,14,Tannehill,R,QB,17,Jaguars,Titans,24,19,212,2,0,1,7,0,0,0,0,0,0
309,5409,2020,14,Woodside,Logan,QB,5,Jaguars,Titans,0,0,0,0,0,0,0,1,18,0,0,0,0
319,5412,2020,14,Cousins,K,QB,12,Buccaneers,Vikings,37,24,225,1,0,6,52,5,41,0,0,0,0
330,5417,2020,14,Smith,A,QB,11,49ers,Washington,19,8,57,0,1,1,5,0,0,0,0,0,0
331,5417,2020,14,Thomas,L,QB,6,49ers,Washington,0,0,0,0,0,0,0,0,0,0,6,43,0
332,5417,2020,14,Haskins,Dwayne,QB,7,49ers,Washington,12,7,51,0,0,1,8,4,-12,0,0,0,0
1,5434,2020,15,Mullens,Nick,QB,4,Cowboys,49ers,36,21,219,2,2,2,8,1,7,0,0,0,0
2,5434,2020,15,Beathard,C.J.,QB,3,Cowboys,49ers,7,5,100,1,0,0,0,0,0,0,0,0,0
14,5426,2020,15,Trubisky,Mitchell,QB,10,Vikings,Bears,21,15,202,1,1,1,4,8,34,0,0,0,0
24,5435,2020,15,Finley,Ryan,QB,5,Steelers,Bengals,13,7,89,1,0,2,11,10,47,1,0,0,0
33,5423,2020,15,Allen,Josh,QB,17,Broncos,Bills,40,28,359,2,0,1,7,3,33,2,0,0,0
45,5423,2020,15,Lock,Drew,QB,3,Bills,Broncos,32,20,132,1,0,3,17,5,37,0,0,0,0
56,5427,2020,15,Mayfield,Baker,QB,6,Giants,Browns,32,27,297,2,0,1,11,4,11,0,0,0,0
65,5421,2020,15,Brady,T,QB,12,Falcons,Buccaneers,45,31,390,2,0,3,25,2,-2,0,0,0,0
79,5432,2020,15,Murray,Kyler,QB,1,Eagles,Cardinals,36,27,406,3,1,1,9,8,29,1,0,0,0
89,5420,2020,15,Herbert,Justin,QB,10,Raiders,Chargers,32,22,314,2,0,1,8,4,14,1,0,0,0
101,5433,2020,15,Mahomes,Patrick,QB,15,Saints,Chiefs,48,26,251,3,0,3,19,7,37,1,0,0,0
111,5422,2020,15,Rivers,P,QB,17,Texans,Colts,28,22,228,2,0,1,5,1,-1,0,0,0,0
112,5422,2020,15,Brissett,J,QB,7,Texans,Colts,1,0,0,0,0,0,0,1,2,0,0,0,0
121,5434,2020,15,Dalton,A,QB,14,49ers,Cowboys,33,19,209,2,0,2,17,2,8,0,0,0,0
132,5425,2020,15,Tagovailoa,Tua,QB,1,Patriots,Dolphins,26,20,145,0,1,2,12,3,9,2,0,0,0
142,5432,2020,15,Hurts,Jalen,QB,2,Cardinals,Eagles,44,24,338,3,0,6,33,11,63,1,0,0,0
153,5421,2020,15,Ryan,M,QB,2,Buccaneers,Falcons,49,34,356,3,0,3,24,1,16,0,0,0,0
166,5427,2020,15,McCoy,C,QB,12,Browns,Giants,31,19,221,0,0,1,7,2,3,0,0,0,0
177,5430,2020,15,Minshew,Gardner,QB,15,Ravens,Jaguars,29,22,226,2,0,5,21,2,9,0,0,0,0
189,5429,2020,15,Darnold,Sam,QB,14,Rams,Jets,31,22,207,1,0,2,8,5,18,0,0,0,0
200,5428,2020,15,Stafford,M,QB,9,Titans,Lions,32,22,252,1,0,0,0,2,12,0,0,0,0
201,5428,2020,15,Daniel,C,QB,10,Titans,Lions,6,5,55,0,1,0,0,1,11,0,0,0,0
211,5424,2020,15,Rodgers,A,QB,12,Panthers,Packers,29,20,143,1,0,5,47,5,26,1,0,0,0
220,5424,2020,15,Bridgewater,T,QB,5,Packers,Panthers,35,21,258,0,0,3,9,4,26,1,0,0,0
231,5425,2020,15,Newton,C,QB,1,Dolphins,Patriots,27,17,209,0,0,3,23,9,38,0,0,0,0
243,5420,2020,15,Carr,D,QB,5,Chargers,Raiders,5,3,53,0,0,1,3,0,0,0,0,0,0
244,5420,2020,15,Mariota,M,QB,8,Chargers,Raiders,28,17,226,1,1,0,0,9,88,1,0,0,0
255,5429,2020,15,Goff,J,QB,16,Jets,Rams,34,22,209,2,1,3,20,1,9,0,0,0,0
266,5430,2020,15,Jackson,Lamar,QB,8,Jaguars,Ravens,22,17,243,3,1,1,9,10,35,1,0,0,0
267,5430,2020,15,Huntley,Tyler,QB,2,Jaguars,Ravens,4,2,7,0,0,0,0,4,17,0,0,0,0
280,5433,2020,15,Brees,D,QB,9,Chiefs,Saints,34,15,234,3,1,1,9,0,0,0,0,0,0
281,5433,2020,15,Hill,Taysom,QB,7,Chiefs,Saints,0,0,0,0,0,0,0,2,3,1,0,0,0
290,5431,2020,15,Wilson,R,QB,3,Washington,Seahawks,27,18,121,1,1,0,0,6,52,0,0,0,0
300,5435,2020,15,Roethlisberger,B,QB,7,Bengals,Steelers,38,20,170,1,1,1,12,2,-1,0,0,0,0
311,5422,2020,15,Watson,Deshaun,QB,4,Colts,Texans,41,33,373,2,0,5,31,6,25,0,0,0,0
321,5428,2020,15,Tannehill,R,QB,17,Lions,Titans,27,21,273,3,0,1,5,3,21,2,0,0,0
322,5428,2020,15,Woodside,Logan,QB,5,Lions,Titans,0,0,0,0,0,0,0,3,-3,0,0,0,0
332,5426,2020,15,Cousins,K,QB,12,Bears,Vikings,35,24,271,2,1,3,22,3,25,0,0,0,0
341,5431,2020,15,Haskins,Dwayne,QB,7,Seahawks,Washington,55,38,295,1,2,4,26,3,28,0,0,0,0
342,5431,2020,15,Thomas,L,QB,6,Seahawks,Washington,0,0,0,0,0,0,0,0,0,0,13,101,0
1,5437,2020,16,Beathard,C.J.,QB,3,Cardinals,49ers,22,13,182,3,0,3,11,3,18,0,0,0,0
11,5440,2020,16,Trubisky,Mitchell,QB,10,Jaguars,Bears,35,24,265,2,1,1,2,2,10,1,0,0,0
12,5440,2020,16,Foles,N,QB,9,Jaguars,Bears,1,0,0,0,0,0,0,2,-2,0,0,0,0
23,5439,2020,16,Allen,Brandon,QB,8,Texans,Bengals,37,29,371,2,0,0,0,2,3,0,0,0,0
35,5451,2020,16,Allen,Josh,QB,17,Patriots,Bills,36,27,320,4,0,0,0,4,35,0,0,0,0
36,5451,2020,16,Barkley,M,QB,2,Patriots,Bills,3,2,11,0,0,0,0,3,-3,0,0,0,0
47,5446,2020,16,Lock,Drew,QB,3,Chargers,Broncos,47,24,264,0,2,2,1,5,15,1,0,0,0
60,5442,2020,16,Mayfield,Baker,QB,6,Jets,Browns,53,28,285,0,0,4,31,3,6,0,0,0,0
68,5438,2020,16,Brady,T,QB,12,Lions,Buccaneers,27,22,348,4,0,1,7,0,0,0,0,0,0
69,5438,2020,16,Gabbert,B,QB,11,Lions,Buccaneers,15,9,143,2,0,1,7,2,15,0,0,0,0
82,5437,2020,16,Murray,Kyler,QB,1,49ers,Cardinals,50,31,247,0,1,3,17,8,75,0,0,0,0
93,5446,2020,16,Herbert,Justin,QB,10,Broncos,Chargers,33,21,253,1,0,2,26,4,26,0,0,0,0
103,5441,2020,16,Mahomes,Patrick,QB,15,Falcons,Chiefs,44,24,278,2,1,0,0,3,21,0,0,0,0
112,5443,2020,16,Rivers,P,QB,17,Steelers,Colts,35,22,270,1,1,5,32,0,0,0,0,0,0
113,5443,2020,16,Brissett,J,QB,7,Steelers,Colts,0,0,0,0,0,0,0,1,1,0,0,0,0
123,5449,2020,16,Dalton,A,QB,14,Eagles,Cowboys,30,22,377,3,1,2,15,5,15,0,0,0,0
132,5444,2020,16,Tagovailoa,Tua,QB,1,Raiders,Dolphins,22,17,94,1,0,3,23,3,11,0,0,0,0
133,5444,2020,16,Fitzpatrick,R,QB,12,Raiders,Dolphins,13,9,182,1,0,0,0,0,0,0,0,0,0
145,5449,2020,16,Hurts,Jalen,QB,2,Cowboys,Eagles,39,21,342,1,2,3,16,9,69,0,0,0,0
158,5441,2020,16,Ryan,M,QB,2,Chiefs,Falcons,35,27,300,2,0,4,23,1,-1,0,0,0,0
179,5440,2020,16,Glennon,M,QB,8,Bears,Jaguars,37,24,211,2,2,1,8,0,0,0,0,0,0
191,5442,2020,16,Darnold,Sam,QB,14,Browns,Jets,32,16,175,2,0,2,16,7,20,0,0,0,0
202,5438,2020,16,Stafford,M,QB,9,Buccaneers,Lions,3,2,17,0,0,0,0,0,0,0,0,0,0
203,5438,2020,16,Daniel,C,QB,10,Buccaneers,Lions,18,13,86,0,0,3,29,0,0,0,0,0,0
204,5438,2020,16,Blough,David,QB,10,Buccaneers,Lions,10,6,49,0,1,1,10,1,18,0,0,0,0
215,5450,2020,16,Rodgers,A,QB,12,Titans,Packers,25,21,231,4,1,1,17,3,19,0,0,0,0
216,5450,2020,16,Boyle,Tim,QB,8,Titans,Packers,0,0,0,0,0,0,0,3,-3,0,0,0,0
226,5447,2020,16,Bridgewater,T,QB,5,Washington,Panthers,28,19,197,1,1,4,30,6,7,0,0,0,0
235,5451,2020,16,Newton,C,QB,1,Bills,Patriots,10,5,34,0,0,2,20,4,24,1,0,0,0
236,5451,2020,16,Stidham,Jarrett,QB,4,Bills,Patriots,11,4,44,0,0,1,2,0,0,0,0,0,0
247,5444,2020,16,Carr,D,QB,5,Dolphins,Raiders,34,21,336,1,0,3,22,2,-2,1,0,0,0
257,5448,2020,16,Goff,J,QB,16,Seahawks,Rams,43,24,234,0,1,3,18,7,23,0,0,0,0
268,5445,2020,16,Jackson,Lamar,QB,8,Giants,Ravens,26,17,183,2,0,0,0,13,80,0,0,0,0
279,5436,2020,16,Brees,D,QB,9,Vikings,Saints,26,19,311,0,2,0,0,3,-3,0,0,0,0
280,5436,2020,16,Hill,Taysom,QB,7,Vikings,Saints,2,2,8,0,0,0,0,5,18,1,1,19,0
291,5448,2020,16,Wilson,R,QB,3,Rams,Seahawks,32,20,225,1,0,5,28,3,9,1,0,0,0
302,5443,2020,16,Roethlisberger,B,QB,7,Colts,Steelers,49,34,342,3,0,1,9,2,-2,0,0,0,0
312,5439,2020,16,Watson,Deshaun,QB,4,Bengals,Texans,33,24,302,3,0,1,2,5,38,0,0,0,0
323,5450,2020,16,Tannehill,R,QB,17,Packers,Titans,24,11,121,1,2,2,17,3,55,1,0,0,0
324,5450,2020,16,Woodside,Logan,QB,5,Packers,Titans,2,0,0,0,0,0,0,0,0,0,0,0,0
335,5436,2020,16,Cousins,K,QB,12,Saints,Vikings,41,27,291,3,0,2,17,0,0,0,0,0,0
344,5447,2020,16,Haskins,Dwayne,QB,7,Panthers,Washington,28,14,154,0,2,2,6,0,0,0,0,0,0
345,5447,2020,16,Thomas,L,QB,6,Panthers,Washington,0,0,0,0,0,0,0,1,0,0,7,63,0
346,5447,2020,16,Heinicke,Taylor,QB,6,Panthers,Washington,19,12,137,1,0,1,7,3,22,0,0,0,0
1,5467,2020,17,Beathard,C.J.,QB,3,Seahawks,49ers,37,25,273,1,0,3,31,3,10,0,0,0,0
11,5454,2020,17,Trubisky,Mitchell,QB,10,Packers,Bears,42,33,252,0,1,1,4,4,22,0,0,0,0
22,5455,2020,17,Allen,Brandon,QB,8,Ravens,Bengals,21,6,48,0,2,0,0,1,2,0,0,0,0
33,5452,2020,17,Allen,Josh,QB,17,Dolphins,Bills,25,18,224,3,1,1,11,2,3,0,0,0,0
34,5452,2020,17,Barkley,M,QB,2,Dolphins,Bills,13,6,164,1,1,0,0,3,-3,0,0,0,0
43,5465,2020,17,Lock,Drew,QB,3,Raiders,Broncos,41,25,339,2,0,2,15,2,7,0,0,0,0
56,5456,2020,17,Mayfield,Baker,QB,6,Steelers,Browns,27,17,196,1,0,4,30,6,44,0,0,0,0
65,5464,2020,17,Brady,T,QB,12,Falcons,Buccaneers,41,26,399,4,1,1,8,5,3,0,0,0,0
76,5466,2020,17,Murray,Kyler,QB,1,Rams,Cardinals,11,8,87,0,0,2,16,2,3,0,0,0,0
77,5466,2020,17,Streveler,Chris,QB,15,Rams,Cardinals,16,11,105,1,1,2,10,3,12,0,0,0,0
86,5460,2020,17,Herbert,Justin,QB,10,Chiefs,Chargers,31,22,302,3,0,3,21,6,9,1,0,0,0
98,5460,2020,17,Henne,C,QB,7,Chargers,Chiefs,32,23,218,2,0,1,1,2,0,0,0,0,0
106,5457,2020,17,Rivers,P,QB,17,Jaguars,Colts,27,17,164,1,1,0,0,2,-2,0,0,0,0
107,5457,2020,17,Brissett,J,QB,7,Jaguars,Colts,0,0,0,0,0,0,0,2,3,0,0,0,0
115,5462,2020,17,Dalton,A,QB,14,Giants,Cowboys,47,29,243,0,1,6,44,7,48,0,0,0,0
123,5452,2020,17,Tagovailoa,Tua,QB,1,Bills,Dolphins,58,35,361,1,3,1,9,6,28,0,0,0,0
134,5463,2020,17,Hurts,Jalen,QB,2,Washington,Eagles,20,7,72,0,1,1,5,8,34,2,0,0,0
135,5463,2020,17,Sudfeld,Nate,QB,7,Washington,Eagles,12,5,32,0,1,2,16,2,12,0,0,0,0
147,5464,2020,17,Ryan,M,QB,2,Buccaneers,Falcons,44,29,265,2,0,1,7,3,1,1,0,0,0
168,5457,2020,17,Glennon,M,QB,8,Colts,Jaguars,42,26,261,2,0,6,35,1,2,0,0,0,0
177,5461,2020,17,Darnold,Sam,QB,14,Patriots,Jets,34,23,266,1,2,3,27,1,3,0,0,0,0
190,5458,2020,17,Stafford,M,QB,9,Vikings,Lions,31,20,293,3,1,1,5,2,9,0,0,0,0
201,5454,2020,17,Rodgers,A,QB,12,Bears,Packers,24,19,240,4,0,1,3,1,4,0,0,0,0
214,5453,2020,17,Bridgewater,T,QB,5,Saints,Panthers,23,13,176,0,2,1,10,3,7,0,0,0,0
215,5453,2020,17,Stevens,Tommy,QB,15,Saints,Panthers,0,0,0,0,0,0,0,4,24,0,0,0,0
216,5453,2020,17,Walker,Phillip,QB,8,Saints,Panthers,14,5,95,0,3,2,15,0,0,0,0,0,0
225,5461,2020,17,Newton,C,QB,1,Jets,Patriots,30,21,242,3,0,3,23,11,79,0,1,19,1
236,5465,2020,17,Carr,D,QB,5,Broncos,Raiders,38,24,371,2,2,3,12,2,1,0,0,0,0
247,5466,2020,17,Wolford,John,QB,9,Cardinals,Rams,38,22,231,0,1,2,8,6,56,0,0,0,0
257,5455,2020,17,Jackson,Lamar,QB,8,Bengals,Ravens,18,10,113,3,1,0,0,11,97,0,0,0,0
258,5455,2020,17,Huntley,Tyler,QB,2,Bengals,Ravens,1,1,8,0,0,0,0,6,5,0,0,0,0
267,5453,2020,17,Brees,D,QB,9,Panthers,Saints,32,22,201,3,0,2,8,0,0,0,0,0,0
268,5453,2020,17,Hill,Taysom,QB,7,Panthers,Saints,0,0,0,0,0,0,0,7,41,1,1,5,0
269,5453,2020,17,Winston,J,QB,3,Panthers,Saints,0,0,0,0,0,0,0,1,-1,0,0,0,0
280,5467,2020,17,Wilson,R,QB,3,49ers,Seahawks,36,20,181,2,0,2,22,5,29,0,0,0,0
290,5456,2020,17,Rudolph,Mason,QB,2,Browns,Steelers,39,22,315,2,1,1,8,1,1,0,0,0,0
291,5456,2020,17,Dobbs,Joshua,QB,5,Browns,Steelers,5,4,2,0,0,0,0,2,20,0,0,0,0
302,5459,2020,17,Watson,Deshaun,QB,4,Titans,Texans,39,28,365,3,1,4,24,3,12,0,0,0,0
303,5459,2020,17,McCarron,A,QB,5,Titans,Texans,1,1,20,0,0,0,0,0,0,0,0,0,0
312,5459,2020,17,Tannehill,R,QB,17,Texans,Titans,27,18,216,1,0,2,12,7,38,2,0,0,0
321,5458,2020,17,Cousins,K,QB,12,Lions,Vikings,40,28,405,3,0,3,22,5,1,1,0,0,0
332,5463,2020,17,Smith,A,QB,11,Eagles,Washington,32,22,162,2,2,3,17,1,0,0,0,0,0
333,5463,2020,17,Thomas,L,QB,6,Eagles,Washington,0,0,0,0,0,0,0,0,0,0,3,37,1
0,5472,2020,18,Trubisky,Mitchell,QB,10,Saints,Bears,29,19,199,1,0,1,8,3,10,0,0,0,0
11,5468,2020,18,Allen,Josh,QB,17,Colts,Bills,35,26,324,2,0,2,23,11,54,1,0,0,0
21,5473,2020,18,Mayfield,Baker,QB,6,Steelers,Browns,34,21,263,3,0,0,0,5,3,0,0,0,0
29,5470,2020,18,Brady,T,QB,12,Washington,Buccaneers,40,22,381,2,0,3,16,3,-2,0,0,0,0
39,5468,2020,18,Rivers,P,QB,17,Bills,Colts,46,27,309,2,0,0,0,1,-1,0,0,0,0
40,5468,2020,18,Brissett,J,QB,7,Bills,Colts,0,0,0,0,0,0,0,1,0,0,0,0,0
49,5469,2020,18,Wolford,John,QB,9,Seahawks,Rams,6,3,29,0,0,1,0,1,2,0,0,0,0
50,5469,2020,18,Goff,J,QB,16,Seahawks,Rams,19,9,155,1,0,2,15,4,4,0,0,0,0
58,5471,2020,18,Jackson,Lamar,QB,8,Titans,Ravens,24,17,179,0,1,5,14,16,136,1,0,0,0
69,5472,2020,18,Brees,D,QB,9,Bears,Saints,39,28,265,2,0,0,0,3,2,0,0,0,0
70,5472,2020,18,Hill,Taysom,QB,7,Bears,Saints,0,0,0,0,0,1,3,4,15,0,2,5,0
79,5469,2020,18,Wilson,R,QB,3,Rams,Seahawks,27,11,174,2,1,5,32,4,50,0,0,0,0
89,5473,2020,18,Roethlisberger,B,QB,7,Browns,Steelers,68,47,501,4,4,0,0,1,0,0,0,0,0
99,5471,2020,18,Tannehill,R,QB,17,Ravens,Titans,26,18,165,1,1,1,7,2,6,0,1,-10,0
111,5470,2020,18,Heinicke,Taylor,QB,6,Buccaneers,Washington,44,26,306,1,1,2,17,6,46,1,0,0,0
112,5470,2020,18,Thomas,L,QB,6,Buccaneers,Washington,0,0,0,0,0,0,0,0,0,0,5,74,0
1,5467,2020,17,Beathard,C.J.,QB,3,Seahawks,49ers,37,25,273,1,0,3,31,3,10,0,0,0,0
11,5454,2020,17,Trubisky,Mitchell,QB,10,Packers,Bears,42,33,252,0,1,1,4,4,22,0,0,0,0
22,5455,2020,17,Allen,Brandon,QB,8,Ravens,Bengals,21,6,48,0,2,0,0,1,2,0,0,0,0
33,5452,2020,17,Allen,Josh,QB,17,Dolphins,Bills,25,18,224,3,1,1,11,2,3,0,0,0,0
34,5452,2020,17,Barkley,M,QB,2,Dolphins,Bills,13,6,164,1,1,0,0,3,-3,0,0,0,0
43,5465,2020,17,Lock,Drew,QB,3,Raiders,Broncos,41,25,339,2,0,2,15,2,7,0,0,0,0
56,5456,2020,17,Mayfield,Baker,QB,6,Steelers,Browns,27,17,196,1,0,4,30,6,44,0,0,0,0
65,5464,2020,17,Brady,T,QB,12,Falcons,Buccaneers,41,26,399,4,1,1,8,5,3,0,0,0,0
76,5466,2020,17,Murray,Kyler,QB,1,Rams,Cardinals,11,8,87,0,0,2,16,2,3,0,0,0,0
77,5466,2020,17,Streveler,Chris,QB,15,Rams,Cardinals,16,11,105,1,1,2,10,3,12,0,0,0,0
86,5460,2020,17,Herbert,Justin,QB,10,Chiefs,Chargers,31,22,302,3,0,3,21,6,9,1,0,0,0
98,5460,2020,17,Henne,C,QB,7,Chargers,Chiefs,32,23,218,2,0,1,1,2,0,0,0,0,0
106,5457,2020,17,Rivers,P,QB,17,Jaguars,Colts,27,17,164,1,1,0,0,2,-2,0,0,0,0
107,5457,2020,17,Brissett,J,QB,7,Jaguars,Colts,0,0,0,0,0,0,0,2,3,0,0,0,0
115,5462,2020,17,Dalton,A,QB,14,Giants,Cowboys,47,29,243,0,1,6,44,7,48,0,0,0,0
123,5452,2020,17,Tagovailoa,Tua,QB,1,Bills,Dolphins,58,35,361,1,3,1,9,6,28,0,0,0,0
134,5463,2020,17,Hurts,Jalen,QB,2,Washington,Eagles,20,7,72,0,1,1,5,8,34,2,0,0,0
135,5463,2020,17,Sudfeld,Nate,QB,7,Washington,Eagles,12,5,32,0,1,2,16,2,12,0,0,0,0
147,5464,2020,17,Ryan,M,QB,2,Buccaneers,Falcons,44,29,265,2,0,1,7,3,1,1,0,0,0
168,5457,2020,17,Glennon,M,QB,8,Colts,Jaguars,42,26,261,2,0,6,35,1,2,0,0,0,0
177,5461,2020,17,Darnold,Sam,QB,14,Patriots,Jets,34,23,266,1,2,3,27,1,3,0,0,0,0
190,5458,2020,17,Stafford,M,QB,9,Vikings,Lions,31,20,293,3,1,1,5,2,9,0,0,0,0
201,5454,2020,17,Rodgers,A,QB,12,Bears,Packers,24,19,240,4,0,1,3,1,4,0,0,0,0
214,5453,2020,17,Bridgewater,T,QB,5,Saints,Panthers,23,13,176,0,2,1,10,3,7,0,0,0,0
215,5453,2020,17,Stevens,Tommy,QB,15,Saints,Panthers,0,0,0,0,0,0,0,4,24,0,0,0,0
216,5453,2020,17,Walker,Phillip,QB,8,Saints,Panthers,14,5,95,0,3,2,15,0,0,0,0,0,0
225,5461,2020,17,Newton,C,QB,1,Jets,Patriots,30,21,242,3,0,3,23,11,79,0,1,19,1
236,5465,2020,17,Carr,D,QB,5,Broncos,Raiders,38,24,371,2,2,3,12,2,1,0,0,0,0
247,5466,2020,17,Wolford,John,QB,9,Cardinals,Rams,38,22,231,0,1,2,8,6,56,0,0,0,0
257,5455,2020,17,Jackson,Lamar,QB,8,Bengals,Ravens,18,10,113,3,1,0,0,11,97,0,0,0,0
258,5455,2020,17,Huntley,Tyler,QB,2,Bengals,Ravens,1,1,8,0,0,0,0,6,5,0,0,0,0
267,5453,2020,17,Brees,D,QB,9,Panthers,Saints,32,22,201,3,0,2,8,0,0,0,0,0,0
268,5453,2020,17,Hill,Taysom,QB,7,Panthers,Saints,0,0,0,0,0,0,0,7,41,1,1,5,0
269,5453,2020,17,Winston,J,QB,3,Panthers,Saints,0,0,0,0,0,0,0,1,-1,0,0,0,0
280,5467,2020,17,Wilson,R,QB,3,49ers,Seahawks,36,20,181,2,0,2,22,5,29,0,0,0,0
290,5456,2020,17,Rudolph,Mason,QB,2,Browns,Steelers,39,22,315,2,1,1,8,1,1,0,0,0,0
291,5456,2020,17,Dobbs,Joshua,QB,5,Browns,Steelers,5,4,2,0,0,0,0,2,20,0,0,0,0
302,5459,2020,17,Watson,Deshaun,QB,4,Titans,Texans,39,28,365,3,1,4,24,3,12,0,0,0,0
303,5459,2020,17,McCarron,A,QB,5,Titans,Texans,1,1,20,0,0,0,0,0,0,0,0,0,0
312,5459,2020,17,Tannehill,R,QB,17,Texans,Titans,27,18,216,1,0,2,12,7,38,2,0,0,0
321,5458,2020,17,Cousins,K,QB,12,Lions,Vikings,40,28,405,3,0,3,22,5,1,1,0,0,0
332,5463,2020,17,Smith,A,QB,11,Eagles,Washington,32,22,162,2,2,3,17,1,0,0,0,0,0
333,5463,2020,17,Thomas,L,QB,6,Eagles,Washington,0,0,0,0,0,0,0,0,0,0,3,37,1
