,gameId,season_x,week,lastName,firstName,position,uniformNumber,opponent,team,att,comp,passYds,passTds,ints,sacks,sackYds,rush,rushYds,rushTds,rec,recYds,recTds,QB Rating,season_y,type,surface,temperature,conditions,windSpeed
0,4936,2020,1,Garoppolo,J,QB,10,Cardinals,49ers,33,19,259,2,0,3,16,1,9,0,0,0,0,102.96717171717174,2020.0,Regular,Grass,66.0,haze,6.0
1,4932,2020,1,Trubisky,Mitchell,QB,10,Lions,Bears,36,20,242,3,0,1,28,3,26,0,0,0,0,104.16666666666667,2020.0,Regular,Turf-Dome,71.0,partly cloudy,14.0
2,4935,2020,1,Burrow,Joe,QB,9,Chargers,Bengals,36,23,193,0,1,3,20,8,46,1,0,0,0,66.08796296296296,2020.0,Regular,Turf,83.0,partly cloudy,6.0
3,4926,2020,1,Allen,Josh,QB,17,Jets,Bills,46,33,312,2,0,3,6,14,57,1,0,0,0,104.61956521739131,2020.0,Regular,Grass,67.0,cloudy,15.0
4,4940,2020,1,Lock,Drew,QB,3,Titans,Broncos,33,22,216,1,0,0,0,3,5,0,0,0,0,95.01262626262627,2020.0,Regular,Grass,74.0,clear sky,1.01
5,4929,2020,1,Mayfield,Baker,QB,6,Ravens,Browns,39,21,189,1,1,2,21,2,3,0,0,0,0,65.01068376068376,2020.0,Regular,Turf,76.0,cloudy,5.0
6,4937,2020,1,Brady,T,QB,12,Saints,Buccaneers,36,23,239,2,2,3,15,3,9,1,0,0,0,78.3564814814815,2020.0,Regular,Turf-Dome,86.0,partly cloudy,14.0
7,4936,2020,1,Murray,Kyler,QB,1,49ers,Cardinals,40,26,230,1,1,2,6,13,91,1,0,0,0,78.125,2020.0,Regular,Grass,66.0,haze,6.0
8,4936,2020,1,Streveler,Chris,QB,15,49ers,Cardinals,0,0,0,0,0,0,0,1,3,0,0,0,0,,2020.0,Regular,Grass,66.0,haze,6.0
9,4935,2020,1,Taylor,T,QB,2,Bengals,Chargers,30,16,208,0,0,2,1,6,7,0,0,0,0,75.41666666666667,2020.0,Regular,Turf,83.0,partly cloudy,6.0
10,4925,2020,1,Mahomes,Patrick,QB,15,Texans,Chiefs,32,24,211,3,0,1,8,0,0,0,0,0,0,123.30729166666667,2020.0,Regular,Grass,56.0,cloudy,7.0
11,4930,2020,1,Rivers,P,QB,17,Jaguars,Colts,46,36,363,1,2,0,0,1,3,0,0,0,0,89.31159420289858,2020.0,Regular,Grass,80.0,cloudy,3.0
12,4930,2020,1,Brissett,J,QB,7,Jaguars,Colts,0,0,0,0,0,1,6,0,0,0,0,0,0,,2020.0,Regular,Grass,80.0,cloudy,3.0
13,4938,2020,1,Prescott,D,QB,4,Rams,Cowboys,39,25,266,1,0,3,22,3,30,0,0,0,0,92.46794871794873,2020.0,Regular,Turf-Dome,72.0,cloudy,7.0
14,4934,2020,1,Fitzpatrick,R,QB,12,Patriots,Dolphins,30,20,191,0,3,1,9,5,18,0,0,0,0,42.5,2020.0,Regular,Turf,70.0,partly cloudy,8.0
15,4928,2020,1,Wentz,C,QB,11,Washington,Eagles,42,24,270,2,2,8,62,1,2,0,0,0,0,72.51984126984127,2020.0,Regular,Grass,76.0,cloudy,5.0
16,4933,2020,1,Ryan,M,QB,2,Seahawks,Falcons,54,37,450,2,1,2,16,1,-1,0,0,0,0,98.53395061728395,2020.0,Regular,Turf-Roof,80.0,cloudy,7.0
17,4930,2020,1,Minshew,Gardner,QB,15,Colts,Jaguars,20,19,173,3,0,4,23,5,19,0,0,0,0,167.29166666666666,2020.0,Regular,Grass,80.0,cloudy,3.0
18,4926,2020,1,Darnold,Sam,QB,14,Bills,Jets,35,21,215,1,1,3,13,1,6,0,0,0,0,75.29761904761904,2020.0,Regular,Grass,67.0,cloudy,15.0
19,4932,2020,1,Stafford,M,QB,9,Bears,Lions,42,24,297,1,1,1,9,5,23,0,0,0,0,77.18253968253968,2020.0,Regular,Turf-Dome,71.0,partly cloudy,14.0
20,4927,2020,1,Rodgers,A,QB,12,Vikings,Packers,44,32,364,4,0,0,0,1,2,0,0,0,0,127.46212121212122,2020.0,Regular,Turf-Dome,,,
21,4927,2020,1,Boyle,Tim,QB,8,Vikings,Packers,0,0,0,0,0,0,0,2,-2,0,0,0,0,,2020.0,Regular,Turf-Dome,,,
22,4931,2020,1,Bridgewater,T,QB,5,Raiders,Panthers,34,22,270,1,0,1,10,4,26,0,0,0,0,98.8970588235294,2020.0,Regular,Grass,81.0,clear sky,5.0
23,4934,2020,1,Newton,C,QB,1,Dolphins,Patriots,19,15,155,0,0,2,15,15,75,2,0,0,0,101.86403508771929,2020.0,Regular,Turf,70.0,partly cloudy,8.0
24,4931,2020,1,Carr,D,QB,5,Panthers,Raiders,30,22,239,1,0,0,0,0,0,0,0,0,0,107.5,2020.0,Regular,Grass,81.0,clear sky,5.0
25,4938,2020,1,Goff,J,QB,16,Cowboys,Rams,31,20,275,0,1,1,6,4,15,0,0,0,0,79.36827956989247,2020.0,Regular,Turf-Dome,72.0,cloudy,7.0
26,4929,2020,1,Jackson,Lamar,QB,8,Browns,Ravens,25,20,275,3,0,2,14,7,45,0,0,0,0,154.58333333333334,2020.0,Regular,Turf,76.0,cloudy,5.0
27,4929,2020,1,Griffin,R,QB,10,Browns,Ravens,1,1,9,0,0,0,0,1,-1,0,0,0,0,122.91666666666667,2020.0,Regular,Turf,76.0,cloudy,5.0
28,4937,2020,1,Brees,D,QB,9,Buccaneers,Saints,30,18,160,2,0,1,9,2,0,0,0,0,0,96.52777777777777,2020.0,Regular,Turf-Dome,86.0,partly cloudy,14.0
29,4937,2020,1,Hill,Taysom,QB,7,Buccaneers,Saints,1,1,38,0,0,0,0,3,13,0,1,14,0,243.75,2020.0,Regular,Turf-Dome,86.0,partly cloudy,14.0
30,4933,2020,1,Wilson,R,QB,3,Falcons,Seahawks,35,31,322,4,0,3,23,3,29,0,0,0,0,152.32142857142856,2020.0,Regular,Turf-Roof,80.0,cloudy,7.0
31,4939,2020,1,Roethlisberger,B,QB,7,Giants,Steelers,32,21,229,3,0,2,21,3,9,0,0,0,0,117.83854166666667,2020.0,Regular,Turf,65.0,clear sky,15.14
32,4925,2020,1,Watson,Deshaun,QB,4,Chiefs,Texans,32,20,253,1,1,4,11,6,27,1,0,0,0,84.50520833333334,2020.0,Regular,Grass,56.0,cloudy,7.0
33,4940,2020,1,Tannehill,R,QB,17,Broncos,Titans,43,29,249,2,0,1,2,3,14,0,0,0,0,97.91666666666666,2020.0,Regular,Grass,74.0,clear sky,1.01
34,4927,2020,1,Cousins,K,QB,12,Packers,Vikings,25,19,259,2,1,2,11,4,34,0,0,0,0,118.58333333333333,2020.0,Regular,Turf-Dome,,,
35,4928,2020,1,Haskins,Dwayne,QB,7,Eagles,Washington,31,17,178,1,0,3,19,7,17,0,0,0,0,82.45967741935483,2020.0,Regular,Grass,76.0,cloudy,5.0
36,4928,2020,1,Thomas,L,QB,6,Eagles,Washington,0,0,0,0,0,0,0,0,0,0,4,37,1,,2020.0,Regular,Grass,76.0,cloudy,5.0
37,5233,2020,2,Garoppolo,J,QB,10,Jets,49ers,16,14,131,2,0,1,8,0,0,0,0,0,0,150.78125,2020.0,Regular,Turf,62.0,clear sky,12.75
38,5233,2020,2,Mullens,Nick,QB,4,Jets,49ers,11,8,71,0,1,2,17,2,-2,0,0,0,0,51.704545454545446,2020.0,Regular,Turf,62.0,clear sky,12.75
39,5237,2020,2,Trubisky,Mitchell,QB,10,Giants,Bears,28,18,190,2,2,4,21,4,16,0,0,0,0,77.97619047619048,2020.0,Regular,Grass,69.0,few clouds,12.75
40,5228,2020,2,Burrow,Joe,QB,9,Browns,Bengals,61,37,316,3,0,3,31,7,19,0,0,0,0,90.60792349726778,2020.0,Regular,Grass,65.0,clear sky,8.0
41,5234,2020,2,Allen,Josh,QB,17,Dolphins,Bills,35,24,417,4,0,1,4,4,18,0,0,0,0,146.96428571428572,2020.0,Regular,Grass,90.0,broken clouds,10.29
42,5231,2020,2,Lock,Drew,QB,3,Steelers,Broncos,5,1,20,0,0,1,8,0,0,0,0,0,0,35.41666666666667,2020.0,Regular,Grass,65.0,clear sky,8.05
43,5231,2020,2,Driskel,Jeff,QB,6,Steelers,Broncos,34,18,256,2,1,6,53,2,5,0,0,0,0,84.92647058823529,2020.0,Regular,Grass,65.0,clear sky,8.05
44,5228,2020,2,Mayfield,Baker,QB,6,Bengals,Browns,23,16,219,2,1,0,0,3,5,0,0,0,0,110.59782608695652,2020.0,Regular,Grass,65.0,clear sky,8.0
45,5230,2020,2,Brady,T,QB,12,Panthers,Buccaneers,35,23,217,1,1,0,0,1,0,0,0,0,0,80.29761904761905,2020.0,Regular,Grass,86.0,broken clouds,13.87
46,5239,2020,2,Murray,Kyler,QB,1,Washington,Cardinals,38,26,286,1,1,3,8,8,67,2,0,0,0,88.26754385964911,2020.0,Regular,Grass-Roof,103.0,few clouds,3.36
47,5241,2020,2,Herbert,Justin,QB,10,Chiefs,Chargers,33,22,311,1,1,2,15,4,18,1,0,0,0,94.38131313131314,2020.0,Regular,Turf-Dome,76.0,haze,6.93
48,5241,2020,2,Mahomes,Patrick,QB,15,Chargers,Chiefs,47,27,302,2,0,1,13,6,54,0,0,0,0,90.9131205673759,2020.0,Regular,Turf-Dome,76.0,haze,6.93
49,5235,2020,2,Rivers,P,QB,17,Vikings,Colts,25,19,214,1,1,2,11,4,3,0,0,0,0,97.75,2020.0,Regular,Turf-Roof,68.0,few clouds,12.75
50,5232,2020,2,Prescott,D,QB,4,Falcons,Cowboys,47,34,450,1,0,1,0,5,18,3,0,0,0,109.35283687943263,2020.0,Regular,Turf-Roof,76.0,few clouds,8.21
51,5232,2020,2,Dalton,A,QB,14,Falcons,Cowboys,1,0,0,0,0,0,0,0,0,0,0,0,0,2.083333333333333,2020.0,Regular,Turf-Roof,76.0,few clouds,8.21
52,5234,2020,2,Fitzpatrick,R,QB,12,Bills,Dolphins,47,31,328,2,0,3,17,3,12,0,0,0,0,100.31028368794325,2020.0,Regular,Grass,90.0,broken clouds,10.29
53,5229,2020,2,Wentz,C,QB,11,Rams,Eagles,43,26,242,0,2,0,0,2,7,1,0,0,0,56.540697674418595,2020.0,Regular,Grass,64.0,few clouds,12.75
54,5232,2020,2,Ryan,M,QB,2,Cowboys,Falcons,36,24,273,4,0,1,6,4,16,0,0,0,0,126.27314814814817,2020.0,Regular,Turf-Roof,76.0,few clouds,8.21
55,5238,2020,2,Minshew,Gardner,QB,15,Titans,Jaguars,45,30,339,3,2,2,24,4,19,0,0,0,0,92.73148148148147,2020.0,Regular,Grass,74.0,few clouds,3.36
56,5233,2020,2,Darnold,Sam,QB,14,49ers,Jets,32,21,179,1,0,1,6,2,7,0,0,0,0,90.49479166666666,2020.0,Regular,Turf,62.0,clear sky,12.75
57,5236,2020,2,Stafford,M,QB,9,Packers,Lions,33,20,244,2,1,4,26,1,4,0,0,0,0,90.97222222222221,2020.0,Regular,Grass,68.0,clear sky,9.17
58,5236,2020,2,Rodgers,A,QB,12,Lions,Packers,30,18,240,2,0,1,11,2,12,0,1,-6,0,107.63888888888889,2020.0,Regular,Grass,68.0,clear sky,9.17
59,5236,2020,2,Boyle,Tim,QB,8,Lions,Packers,0,0,0,0,0,0,0,2,-1,0,0,0,0,,2020.0,Regular,Grass,68.0,clear sky,9.17
60,5230,2020,2,Bridgewater,T,QB,5,Buccaneers,Panthers,42,33,367,0,2,5,27,0,0,0,0,0,0,84.12698412698413,2020.0,Regular,Grass,86.0,broken clouds,13.87
61,5242,2020,2,Newton,C,QB,1,Seahawks,Patriots,44,30,397,1,1,1,0,11,47,2,0,0,0,94.60227272727272,2020.0,Regular,Turf,68.0,clear sky,3.44
62,5243,2020,2,Carr,D,QB,5,Saints,Raiders,38,28,282,3,0,3,23,3,3,0,0,0,0,120.7236842105263,2020.0,Regular,Grass-Dome,99.0,clear sky,
63,5229,2020,2,Goff,J,QB,16,Eagles,Rams,27,20,267,3,0,1,9,7,13,0,0,0,0,142.05246913580248,2020.0,Regular,Grass,64.0,few clouds,12.75
64,5240,2020,2,Jackson,Lamar,QB,8,Texans,Ravens,24,18,204,1,0,4,27,16,54,0,0,0,0,113.88888888888889,2020.0,Regular,Turf-Roof,71.0,heavy intensity rain,17.22
65,5243,2020,2,Brees,D,QB,9,Raiders,Saints,38,26,312,1,1,0,0,0,0,0,0,0,0,91.11842105263158,2020.0,Regular,Grass-Dome,99.0,clear sky,
66,5243,2020,2,Hill,Taysom,QB,7,Raiders,Saints,0,0,0,0,0,0,0,2,8,0,0,0,0,,2020.0,Regular,Grass-Dome,99.0,clear sky,
67,5242,2020,2,Wilson,R,QB,3,Patriots,Seahawks,28,21,288,5,1,2,13,5,39,0,0,0,0,152.08333333333331,2020.0,Regular,Turf,68.0,clear sky,3.44
68,5231,2020,2,Roethlisberger,B,QB,7,Broncos,Steelers,41,29,311,2,1,1,10,3,-2,0,0,0,0,98.72967479674797,2020.0,Regular,Grass,65.0,clear sky,8.05
69,5240,2020,2,Watson,Deshaun,QB,4,Ravens,Texans,36,25,275,1,1,4,22,5,17,0,0,0,0,89.4675925925926,2020.0,Regular,Turf-Roof,71.0,heavy intensity rain,17.22
70,5238,2020,2,Tannehill,R,QB,17,Jaguars,Titans,24,18,239,4,0,1,8,4,12,0,0,0,0,161.63194444444443,2020.0,Regular,Grass,74.0,few clouds,3.36
71,5235,2020,2,Cousins,K,QB,12,Colts,Vikings,26,11,113,0,3,3,18,0,0,0,0,0,0,7.371794871794872,2020.0,Regular,Turf-Roof,68.0,few clouds,12.75
72,5239,2020,2,Haskins,Dwayne,QB,7,Cardinals,Washington,33,19,223,1,0,4,24,1,8,0,0,0,0,88.32070707070706,2020.0,Regular,Grass-Roof,103.0,few clouds,3.36
73,5239,2020,2,Thomas,L,QB,6,Cardinals,Washington,0,0,0,0,0,0,0,0,0,0,4,26,0,,2020.0,Regular,Grass-Roof,103.0,few clouds,3.36
74,5248,2020,3,Mullens,Nick,QB,4,Giants,49ers,36,25,343,1,0,2,16,4,0,0,0,0,0,108.91203703703705,2020.0,Regular,Turf,78.0,broken clouds,4.7
75,5252,2020,3,Trubisky,Mitchell,QB,10,Falcons,Bears,22,13,128,1,1,2,9,1,45,0,0,0,0,71.78030303030303,2020.0,Regular,Turf-Roof,80.0,broken clouds,3.36
76,5252,2020,3,Foles,N,QB,9,Falcons,Bears,29,16,188,3,1,0,0,3,-3,0,0,0,0,95.18678160919542,2020.0,Regular,Turf-Roof,80.0,broken clouds,3.36
77,5251,2020,3,Burrow,Joe,QB,9,Eagles,Bengals,44,31,312,2,0,8,56,1,-1,0,0,0,0,105.49242424242425,2020.0,Regular,Grass,79.0,broken clouds,5.82
78,5246,2020,3,Allen,Josh,QB,17,Rams,Bills,33,24,311,4,1,4,37,4,8,1,0,0,0,129.7348484848485,2020.0,Regular,Turf,81.0,broken clouds,3.0
79,5256,2020,3,Driskel,Jeff,QB,6,Buccaneers,Broncos,30,17,176,1,1,5,45,3,14,0,0,0,0,70.97222222222221,2020.0,Regular,Grass,52.0,overcast clouds,1.01
80,5256,2020,3,Rypien,Brett,QB,4,Buccaneers,Broncos,9,8,53,0,1,1,4,0,0,0,0,0,0,54.39814814814814,2020.0,Regular,Grass,52.0,overcast clouds,1.01
81,5250,2020,3,Mayfield,Baker,QB,6,Washington,Browns,23,16,156,2,0,2,14,1,1,0,0,0,0,117.30072463768116,2020.0,Regular,Grass,77.0,clear sky,16.11
82,5256,2020,3,Brady,T,QB,12,Broncos,Buccaneers,38,25,297,3,0,2,12,5,0,0,0,0,0,115.78947368421053,2020.0,Regular,Grass,52.0,overcast clouds,1.01
83,5255,2020,3,Murray,Kyler,QB,1,Lions,Cardinals,35,23,270,2,3,1,2,5,29,1,0,0,0,72.3214285714286,2020.0,Regular,Grass-Roof,99.0,few clouds,8.05
84,5254,2020,3,Herbert,Justin,QB,10,Panthers,Chargers,49,35,330,1,1,2,11,3,15,0,0,0,0,87.96768707482995,2020.0,Regular,Turf-Dome,75.0,clear sky,7.43
85,5259,2020,3,Mahomes,Patrick,QB,15,Ravens,Chiefs,42,31,385,4,0,0,0,4,26,1,0,0,0,133.53174603174605,2020.0,Regular,Grass,73.0,cloudy,8.0
86,5253,2020,3,Rivers,P,QB,17,Jets,Colts,21,17,217,1,0,0,0,0,0,0,0,0,0,128.47222222222223,2020.0,Regular,Turf-Roof,79.0,few clouds,10.29
87,5253,2020,3,Brissett,J,QB,7,Jets,Colts,4,2,17,0,0,0,0,2,0,0,0,0,0,61.458333333333336,2020.0,Regular,Turf-Roof,79.0,few clouds,10.29
88,5257,2020,3,Prescott,D,QB,4,Seahawks,Cowboys,57,37,472,3,2,2,11,6,26,0,0,0,0,93.60380116959064,2020.0,Regular,Turf,65.0,few clouds,8.05
89,5244,2020,3,Fitzpatrick,R,QB,12,Jaguars,Dolphins,20,18,160,2,0,1,4,7,38,1,1,0,0,143.75,2020.0,Regular,Grass,81.0,partly cloudy,12.0
90,5251,2020,3,Wentz,C,QB,11,Bengals,Eagles,47,29,225,1,2,3,19,9,65,1,0,0,0,62.81028368794327,2020.0,Regular,Grass,79.0,broken clouds,5.82
91,5251,2020,3,Hurts,Jalen,QB,2,Bengals,Eagles,0,0,0,0,0,0,0,2,8,0,0,0,0,,2020.0,Regular,Grass,79.0,broken clouds,5.82
92,5252,2020,3,Ryan,M,QB,2,Bears,Falcons,38,19,238,1,1,2,11,1,-1,0,0,0,0,67.65350877192982,2020.0,Regular,Turf-Roof,80.0,broken clouds,3.36
93,5244,2020,3,Minshew,Gardner,QB,15,Dolphins,Jaguars,42,30,275,0,1,4,29,3,22,0,0,0,0,78.96825396825396,2020.0,Regular,Grass,81.0,partly cloudy,12.0
94,5253,2020,3,Darnold,Sam,QB,14,Colts,Jets,29,17,168,1,3,2,17,5,20,0,0,0,0,43.46264367816092,2020.0,Regular,Turf-Roof,79.0,few clouds,10.29
95,5255,2020,3,Stafford,M,QB,9,Cardinals,Lions,31,22,270,2,0,4,38,1,-3,0,0,0,0,119.01881720430107,2020.0,Regular,Grass-Roof,99.0,few clouds,8.05
96,5258,2020,3,Rodgers,A,QB,12,Saints,Packers,32,21,283,3,0,1,12,2,12,0,0,0,0,124.86979166666667,2020.0,Regular,Turf-Dome,80.0,clear sky,6.93
97,5254,2020,3,Bridgewater,T,QB,5,Chargers,Panthers,28,22,235,1,0,2,14,2,12,0,0,0,0,114.4345238095238,2020.0,Regular,Turf-Dome,75.0,clear sky,7.43
98,5245,2020,3,Newton,C,QB,1,Raiders,Patriots,28,17,162,1,1,2,6,9,27,0,0,0,0,73.80952380952381,2020.0,Regular,Turf,77.0,overcast clouds,8.05
99,5245,2020,3,Carr,D,QB,5,Patriots,Raiders,32,24,261,2,0,2,13,2,10,0,0,0,0,119.40104166666667,2020.0,Regular,Turf,77.0,overcast clouds,8.05
100,5246,2020,3,Goff,J,QB,16,Bills,Rams,32,23,321,2,1,2,10,2,4,1,0,0,0,111.58854166666667,2020.0,Regular,Turf,81.0,broken clouds,3.0
101,5259,2020,3,Jackson,Lamar,QB,8,Chiefs,Ravens,28,15,97,1,0,4,27,9,83,0,0,0,0,73.06547619047619,2020.0,Regular,Grass,73.0,cloudy,8.0
102,5258,2020,3,Brees,D,QB,9,Packers,Saints,36,29,288,3,0,2,13,0,0,0,0,0,0,130.32407407407408,2020.0,Regular,Turf-Dome,80.0,clear sky,6.93
103,5258,2020,3,Hill,Taysom,QB,7,Packers,Saints,0,0,0,0,0,0,0,2,6,0,1,1,0,,2020.0,Regular,Turf-Dome,80.0,clear sky,6.93
104,5257,2020,3,Wilson,R,QB,3,Cowboys,Seahawks,40,27,315,5,0,4,20,6,22,0,0,0,0,132.8125,2020.0,Regular,Turf,65.0,few clouds,8.05
105,5247,2020,3,Roethlisberger,B,QB,7,Texans,Steelers,36,23,237,2,0,2,19,5,-3,0,0,0,0,101.27314814814817,2020.0,Regular,Grass,77.0,broken clouds,10.29
106,5247,2020,3,Watson,Deshaun,QB,4,Steelers,Texans,27,19,264,2,1,5,33,1,5,0,0,0,0,110.72530864197532,2020.0,Regular,Grass,77.0,broken clouds,10.29
107,5249,2020,3,Tannehill,R,QB,17,Vikings,Titans,37,23,321,0,1,1,11,4,9,0,1,0,0,78.77252252252252,2020.0,Regular,Turf-Dome,62.0,scattered clouds,13.87
108,5249,2020,3,Cousins,K,QB,12,Titans,Vikings,27,16,251,3,2,2,13,2,14,0,0,0,0,96.37345679012347,2020.0,Regular,Turf-Dome,62.0,scattered clouds,13.87
109,5250,2020,3,Haskins,Dwayne,QB,7,Browns,Washington,37,21,224,2,3,3,18,2,2,0,0,0,0,58.840090090090094,2020.0,Regular,Grass,77.0,clear sky,16.11
110,5250,2020,3,Thomas,L,QB,6,Browns,Washington,0,0,0,0,0,0,0,0,0,0,4,31,0,,2020.0,Regular,Grass,77.0,clear sky,16.11
111,5274,2020,4,Mullens,Nick,QB,4,Eagles,49ers,26,18,200,1,2,4,28,0,0,0,0,0,0,72.59615384615384,2020.0,Regular,Grass,84.0,clear sky,12.0
112,5274,2020,4,Beathard,C.J.,QB,3,Eagles,49ers,19,14,138,0,0,1,9,0,0,0,0,0,0,93.75,2020.0,Regular,Grass,84.0,clear sky,12.0
113,5262,2020,4,Foles,N,QB,9,Colts,Bears,42,26,249,1,1,1,8,2,-1,0,0,0,0,76.3888888888889,2020.0,Regular,Grass,52.0,broken clouds,11.41
114,5264,2020,4,Burrow,Joe,QB,9,Jaguars,Bengals,36,25,300,1,1,1,0,4,11,0,0,0,0,92.3611111111111,2020.0,Regular,Turf,67.0,scattered clouds,12.75
115,5273,2020,4,Allen,Josh,QB,17,Raiders,Bills,34,24,288,2,0,1,14,3,-1,1,0,0,0,115.80882352941177,2020.0,Regular,Grass-Dome,96.0,clear sky,5.82
116,5260,2020,4,Rypien,Brett,QB,4,Jets,Broncos,31,19,242,2,3,0,0,5,-5,0,0,0,0,66.86827956989247,2020.0,Regular,Turf,54.0,cloudy,6.0
117,5260,2020,4,Driskel,Jeff,QB,6,Jets,Broncos,0,0,0,0,0,0,0,1,9,0,0,0,0,,2020.0,Regular,Turf,54.0,cloudy,6.0
118,5265,2020,4,Mayfield,Baker,QB,6,Cowboys,Browns,30,19,165,2,0,2,1,3,6,0,0,0,0,100.0,2020.0,Regular,Turf-Roof,75.0,few clouds,12.75
119,5268,2020,4,Brady,T,QB,12,Chargers,Buccaneers,46,30,369,5,1,0,0,3,-3,0,0,0,0,117.02898550724636,2020.0,Regular,Grass,75.0,overcast clouds,8.05
120,5263,2020,4,Murray,Kyler,QB,1,Panthers,Cardinals,31,24,133,3,0,1,0,6,78,0,0,0,0,116.73387096774192,2020.0,Regular,Grass,68.0,scattered clouds,8.05
121,5268,2020,4,Herbert,Justin,QB,10,Buccaneers,Chargers,25,20,290,3,1,2,12,5,14,0,0,0,0,140.41666666666669,2020.0,Regular,Grass,75.0,overcast clouds,8.05
122,5272,2020,4,Mahomes,Patrick,QB,15,Patriots,Chiefs,29,19,236,2,0,1,7,8,28,0,0,0,0,113.57758620689656,2020.0,Regular,Grass,66.0,clear sky,11.41
123,5262,2020,4,Rivers,P,QB,17,Bears,Colts,29,16,190,1,0,1,4,3,-4,0,0,0,0,86.85344827586206,2020.0,Regular,Grass,52.0,broken clouds,11.41
124,5265,2020,4,Prescott,D,QB,4,Browns,Cowboys,58,41,502,4,1,3,21,2,12,0,0,0,0,112.85919540229885,2020.0,Regular,Turf-Roof,75.0,few clouds,12.75
125,5267,2020,4,Fitzpatrick,R,QB,12,Seahawks,Dolphins,45,29,315,0,2,1,3,6,47,1,0,0,0,66.43518518518519,2020.0,Regular,Grass,89.0,scattered clouds,14.99
126,5274,2020,4,Wentz,C,QB,11,49ers,Eagles,28,18,193,1,1,3,19,7,37,1,0,0,0,81.39880952380952,2020.0,Regular,Grass,84.0,clear sky,12.0
127,5274,2020,4,Hurts,Jalen,QB,2,49ers,Eagles,0,0,0,0,0,0,0,3,18,0,0,0,0,,2020.0,Regular,Grass,84.0,clear sky,12.0
128,5275,2020,4,Ryan,M,QB,2,Packers,Falcons,39,28,285,0,0,4,36,2,10,0,0,0,0,92.36111111111111,2020.0,Regular,Grass,56.0,clear sky,11.41
129,5264,2020,4,Minshew,Gardner,QB,15,Bengals,Jaguars,40,27,351,2,1,3,11,2,9,0,0,0,0,101.14583333333333,2020.0,Regular,Turf,67.0,scattered clouds,12.75
130,5260,2020,4,Darnold,Sam,QB,14,Broncos,Jets,42,23,230,0,0,6,54,6,84,1,0,0,0,70.53571428571429,2020.0,Regular,Turf,54.0,cloudy,6.0
131,5260,2020,4,Flacco,J,QB,5,Broncos,Jets,2,2,16,0,0,0,0,0,0,0,0,0,0,118.75,2020.0,Regular,Turf,54.0,cloudy,6.0
132,5261,2020,4,Stafford,M,QB,9,Saints,Lions,31,17,206,3,1,3,15,3,21,0,0,0,0,94.28763440860214,2020.0,Regular,Turf-Dome,51.0,light rain,8.05
133,5275,2020,4,Rodgers,A,QB,12,Falcons,Packers,33,27,327,4,0,1,12,1,5,0,0,0,0,151.9570707070707,2020.0,Regular,Grass,56.0,clear sky,11.41
134,5275,2020,4,Boyle,Tim,QB,8,Falcons,Packers,0,0,0,0,0,0,0,1,-1,0,0,0,0,,2020.0,Regular,Grass,56.0,clear sky,11.41
135,5263,2020,4,Bridgewater,T,QB,5,Cardinals,Panthers,37,26,276,2,1,0,0,6,32,1,0,0,0,98.47972972972974,2020.0,Regular,Grass,68.0,scattered clouds,8.05
136,5272,2020,4,Hoyer,B,QB,8,Chiefs,Patriots,24,15,130,0,1,2,18,1,8,0,0,0,0,59.375000000000014,2020.0,Regular,Grass,66.0,clear sky,11.41
137,5272,2020,4,Stidham,Jarrett,QB,4,Chiefs,Patriots,13,5,60,1,2,0,0,2,3,0,0,0,0,14.903846153846153,2020.0,Regular,Grass,66.0,clear sky,11.41
138,5273,2020,4,Carr,D,QB,5,Bills,Raiders,44,32,311,2,0,2,14,4,20,0,0,0,0,107.29166666666667,2020.0,Regular,Grass-Dome,96.0,clear sky,5.82
139,5271,2020,4,Goff,J,QB,16,Giants,Rams,32,25,200,1,0,2,18,3,-3,0,0,0,0,103.64583333333333,2020.0,Regular,Turf-Dome,87.0,haze,7.43
140,5270,2020,4,Jackson,Lamar,QB,8,Washington,Ravens,21,14,193,2,1,1,2,7,53,1,0,0,0,107.83730158730155,2020.0,Regular,Grass,66.0,few clouds,6.93
141,5270,2020,4,Griffin,R,QB,10,Washington,Ravens,1,0,0,0,1,0,0,3,3,0,0,0,0,-414.5833333333333,2020.0,Regular,Grass,66.0,few clouds,6.93
142,5261,2020,4,Brees,D,QB,9,Lions,Saints,25,19,246,2,1,2,18,3,-3,0,0,0,0,116.41666666666666,2020.0,Regular,Turf-Dome,51.0,light rain,8.05
143,5261,2020,4,Hill,Taysom,QB,7,Lions,Saints,0,0,0,0,0,0,0,3,6,0,1,8,0,,2020.0,Regular,Turf-Dome,51.0,light rain,8.05
144,5267,2020,4,Wilson,R,QB,3,Dolphins,Seahawks,34,24,360,2,1,2,17,4,5,0,0,0,0,112.37745098039215,2020.0,Regular,Grass,89.0,scattered clouds,14.99
145,5266,2020,4,Watson,Deshaun,QB,4,Vikings,Texans,33,20,300,2,0,2,7,5,9,0,0,0,0,110.66919191919193,2020.0,Regular,Turf-Roof,83.0,clear sky,5.82
146,5266,2020,4,Cousins,K,QB,12,Texans,Vikings,22,16,260,1,0,3,12,4,5,0,0,0,0,127.08333333333334,2020.0,Regular,Turf-Roof,83.0,clear sky,5.82
147,5270,2020,4,Haskins,Dwayne,QB,7,Ravens,Washington,45,32,314,0,0,3,40,3,3,1,0,0,0,90.41666666666669,2020.0,Regular,Grass,66.0,few clouds,6.93
148,5270,2020,4,Thomas,L,QB,6,Ravens,Washington,0,0,0,0,0,0,0,0,0,0,1,8,0,,2020.0,Regular,Grass,66.0,few clouds,6.93
149,5285,2020,5,Garoppolo,J,QB,10,Dolphins,49ers,17,7,77,0,2,3,23,0,0,0,0,0,0,6.250000000000004,2020.0,Regular,Grass,77.0,few clouds,13.87
150,5285,2020,5,Beathard,C.J.,QB,3,Dolphins,49ers,18,9,94,1,0,2,20,0,0,0,0,0,0,84.02777777777779,2020.0,Regular,Grass,77.0,few clouds,13.87
151,5269,2020,5,Foles,N,QB,9,Buccaneers,Bears,42,30,243,1,1,3,35,1,-1,0,0,0,0,83.73015873015873,2020.0,Regular,Grass,57.0,clear sky,7.0
152,5284,2020,5,Burrow,Joe,QB,9,Ravens,Bengals,30,19,183,0,1,7,48,3,10,0,0,0,0,66.38888888888889,2020.0,Regular,Turf,69.0,overcast clouds,10.29
153,5281,2020,5,Allen,Josh,QB,17,Titans,Bills,41,26,263,2,2,1,10,4,18,0,0,0,0,77.59146341463415,2020.0,Regular,Grass,73.0,clear sky,3.0
154,5281,2020,5,Barkley,M,QB,2,Titans,Bills,5,3,22,0,0,0,0,0,0,0,0,0,0,70.41666666666666,2020.0,Regular,Grass,73.0,clear sky,3.0
155,5287,2020,5,Mayfield,Baker,QB,6,Colts,Browns,37,21,247,2,2,1,4,2,17,0,0,0,0,72.69144144144143,2020.0,Regular,Grass,65.0,overcast clouds,19.46
156,5269,2020,5,Brady,T,QB,12,Bears,Buccaneers,41,25,253,1,0,3,20,3,0,0,0,0,0,86.73780487804879,2020.0,Regular,Grass,57.0,clear sky,7.0
157,5282,2020,5,Murray,Kyler,QB,1,Jets,Cardinals,37,27,380,1,1,1,11,9,31,1,0,0,0,103.43468468468468,2020.0,Regular,Turf,65.0,overcast clouds,8.05
158,5289,2020,5,Herbert,Justin,QB,10,Saints,Chargers,34,20,264,4,0,3,25,4,8,0,0,0,0,122.671568627451,2020.0,Regular,Turf-Dome,88.0,clear sky,7.0
159,5277,2020,5,Mahomes,Patrick,QB,15,Raiders,Chiefs,43,22,340,2,1,3,7,6,21,1,0,0,0,83.47868217054263,2020.0,Regular,Grass,79.0,clear sky,13.87
160,5287,2020,5,Rivers,P,QB,17,Browns,Colts,33,21,243,0,2,1,3,1,-1,0,0,0,0,60.542929292929294,2020.0,Regular,Grass,65.0,overcast clouds,19.46
161,5286,2020,5,Prescott,D,QB,4,Giants,Cowboys,21,14,166,0,1,1,7,2,7,0,1,11,1,70.73412698412697,2020.0,Regular,Turf,95.0,clear sky,12.75
162,5286,2020,5,Dalton,A,QB,14,Giants,Cowboys,11,9,111,0,0,1,5,1,0,0,0,0,0,112.31060606060608,2020.0,Regular,Turf,95.0,clear sky,12.75
163,5285,2020,5,Fitzpatrick,R,QB,12,49ers,Dolphins,28,22,350,3,0,2,8,3,16,0,0,0,0,155.35714285714286,2020.0,Regular,Grass,77.0,few clouds,13.87
164,5283,2020,5,Wentz,C,QB,11,Steelers,Eagles,35,20,258,2,2,5,34,4,11,0,0,0,0,75.6547619047619,2020.0,Regular,Grass,70.0,few clouds,6.93
165,5283,2020,5,Hurts,Jalen,QB,2,Steelers,Eagles,1,1,18,0,0,0,0,0,0,0,0,0,0,160.41666666666669,2020.0,Regular,Grass,70.0,few clouds,6.93
166,5276,2020,5,Ryan,M,QB,2,Panthers,Falcons,37,21,226,0,1,2,23,1,-1,0,0,0,0,63.56981981981983,2020.0,Regular,Turf-Roof,71.0,moderate rain,6.93
167,5280,2020,5,Minshew,Gardner,QB,15,Texans,Jaguars,49,31,301,2,0,3,8,4,18,0,0,0,0,94.00510204081633,2020.0,Regular,Turf-Roof,88.0,clear sky,1.99
168,5282,2020,5,Flacco,J,QB,5,Cardinals,Jets,33,18,195,1,0,2,17,4,20,0,0,0,0,82.26010101010101,2020.0,Regular,Turf,65.0,overcast clouds,8.05
169,5276,2020,5,Bridgewater,T,QB,5,Falcons,Panthers,37,27,313,2,0,0,0,3,3,0,0,0,0,116.15990990990991,2020.0,Regular,Turf-Roof,71.0,moderate rain,6.93
170,5277,2020,5,Carr,D,QB,5,Chiefs,Raiders,31,22,347,3,1,1,1,4,1,0,0,0,0,126.68010752688173,2020.0,Regular,Grass,79.0,clear sky,13.87
171,5279,2020,5,Goff,J,QB,16,Washington,Rams,30,21,309,2,1,1,9,3,0,1,0,0,0,111.66666666666664,2020.0,Regular,Grass,70.0,overcast clouds,3.36
172,5284,2020,5,Jackson,Lamar,QB,8,Bengals,Ravens,37,19,180,2,1,1,9,2,3,0,0,0,0,71.90315315315316,2020.0,Regular,Turf,69.0,overcast clouds,10.29
173,5284,2020,5,Griffin,R,QB,10,Bengals,Ravens,0,0,0,0,0,0,0,1,-1,0,0,0,0,,2020.0,Regular,Turf,69.0,overcast clouds,10.29
174,5289,2020,5,Brees,D,QB,9,Chargers,Saints,47,33,325,1,1,2,12,1,1,1,0,0,0,87.63297872340425,2020.0,Regular,Turf-Dome,88.0,clear sky,7.0
175,5289,2020,5,Hill,Taysom,QB,7,Chargers,Saints,1,0,0,0,0,0,0,3,13,1,0,0,0,2.083333333333333,2020.0,Regular,Turf-Dome,88.0,clear sky,7.0
176,5288,2020,5,Wilson,R,QB,3,Vikings,Seahawks,32,20,217,3,1,4,27,5,58,0,0,0,0,100.65104166666667,2020.0,Regular,Turf,56.0,light rain,23.04
177,5283,2020,5,Roethlisberger,B,QB,7,Eagles,Steelers,34,27,239,3,0,1,8,2,-2,0,0,0,0,126.96078431372548,2020.0,Regular,Grass,70.0,few clouds,6.93
178,5280,2020,5,Watson,Deshaun,QB,4,Jaguars,Texans,35,25,359,3,2,1,2,2,25,0,0,0,0,109.10714285714288,2020.0,Regular,Turf-Roof,88.0,clear sky,1.99
179,5281,2020,5,Tannehill,R,QB,17,Bills,Titans,28,21,195,3,0,0,0,4,42,1,0,0,0,129.31547619047618,2020.0,Regular,Grass,73.0,clear sky,3.0
180,5288,2020,5,Cousins,K,QB,12,Seahawks,Vikings,39,27,249,2,1,3,1,1,2,0,0,0,0,92.78846153846153,2020.0,Regular,Turf,56.0,light rain,23.04
181,5279,2020,5,Allen,Kyle,QB,7,Rams,Washington,13,9,74,0,0,2,10,1,7,1,0,0,0,83.49358974358975,2020.0,Regular,Grass,70.0,overcast clouds,3.36
182,5279,2020,5,Smith,A,QB,11,Rams,Washington,17,9,37,0,0,6,31,1,1,0,0,0,0,55.26960784313726,2020.0,Regular,Grass,70.0,overcast clouds,3.36
183,5279,2020,5,Thomas,L,QB,6,Rams,Washington,0,0,0,0,0,0,0,0,0,0,1,4,0,,2020.0,Regular,Grass,70.0,overcast clouds,3.36
184,5300,2020,6,Garoppolo,J,QB,10,Rams,49ers,33,23,268,3,0,0,0,4,8,0,0,0,0,124.30555555555556,2020.0,Regular,Grass,83.0,clear sky,9.17
185,5291,2020,6,Foles,N,QB,9,Panthers,Bears,39,23,198,1,1,0,0,5,4,1,0,0,0,70.24572649572649,2020.0,Regular,Grass,63.0,few clouds,6.93
186,5292,2020,6,Burrow,Joe,QB,9,Colts,Bengals,39,25,313,0,1,2,13,3,2,1,0,0,0,78.25854700854703,2020.0,Regular,Turf-Roof,58.0,overcast clouds,16.11
187,5290,2020,6,Allen,Josh,QB,17,Chiefs,Bills,27,14,122,2,1,0,0,8,42,0,0,0,0,73.37962962962963,2020.0,Regular,Turf,50.0,moderate rain,4.32
188,5278,2020,6,Lock,Drew,QB,3,Patriots,Broncos,24,10,189,0,2,2,25,5,-1,0,0,0,0,34.89583333333334,2020.0,Regular,Turf,60.0,clear sky,5.82
189,5298,2020,6,Mayfield,Baker,QB,6,Steelers,Browns,18,10,119,1,2,4,20,1,5,0,0,0,0,48.148148148148145,2020.0,Regular,Grass,61.0,broken clouds,12.75
190,5298,2020,6,Keenum,C,QB,7,Steelers,Browns,10,5,46,0,0,0,0,0,0,0,0,0,0,62.916666666666664,2020.0,Regular,Grass,61.0,broken clouds,12.75
191,5299,2020,6,Brady,T,QB,12,Packers,Buccaneers,27,17,166,2,0,0,0,0,0,0,0,0,0,104.8611111111111,2020.0,Regular,Grass,88.0,cloudy,12.0
192,5299,2020,6,Gabbert,B,QB,11,Packers,Buccaneers,1,0,0,0,0,0,0,3,2,0,0,0,0,2.083333333333333,2020.0,Regular,Grass,88.0,cloudy,12.0
193,5301,2020,6,Murray,Kyler,QB,1,Cowboys,Cardinals,24,9,188,2,0,1,11,10,74,1,0,0,0,93.75,2020.0,Regular,Turf-Roof,64.0,clear sky,5.0
194,5290,2020,6,Mahomes,Patrick,QB,15,Bills,Chiefs,26,21,225,2,0,1,4,10,36,0,0,0,0,131.0897435897436,2020.0,Regular,Turf,50.0,moderate rain,4.32
195,5292,2020,6,Rivers,P,QB,17,Bengals,Colts,44,29,371,3,1,1,0,1,-1,0,0,0,0,105.39772727272727,2020.0,Regular,Turf-Roof,58.0,overcast clouds,16.11
196,5301,2020,6,Dalton,A,QB,14,Cardinals,Cowboys,54,34,266,1,2,3,19,2,4,0,0,0,0,65.81790123456791,2020.0,Regular,Turf-Roof,64.0,clear sky,5.0
197,5302,2020,6,Fitzpatrick,R,QB,12,Jets,Dolphins,27,18,191,3,2,2,8,1,4,0,0,0,0,93.28703703703705,2020.0,Regular,Grass,85.0,cloudy,12.0
198,5302,2020,6,Tagovailoa,Tua,QB,1,Jets,Dolphins,2,2,9,0,0,0,0,0,0,0,0,0,0,104.16666666666667,2020.0,Regular,Grass,85.0,cloudy,12.0
199,5297,2020,6,Wentz,C,QB,11,Ravens,Eagles,40,21,213,2,0,6,43,5,49,1,0,0,0,84.68750000000001,2020.0,Regular,Grass,64.0,few clouds,6.93
200,5297,2020,6,Hurts,Jalen,QB,2,Ravens,Eagles,0,0,0,0,0,0,0,2,23,0,1,3,0,,2020.0,Regular,Grass,64.0,few clouds,6.93
201,5294,2020,6,Ryan,M,QB,2,Vikings,Falcons,40,30,371,4,0,2,8,4,8,0,0,0,0,136.5625,2020.0,Regular,Turf-Dome,33.0,broken clouds,17.22
202,5293,2020,6,Minshew,Gardner,QB,15,Lions,Jaguars,44,25,243,1,1,1,12,3,14,1,1,0,0,70.54924242424244,2020.0,Regular,Grass,81.0,scattered clouds,13.87
203,5302,2020,6,Flacco,J,QB,5,Dolphins,Jets,44,21,186,0,1,3,38,1,0,0,0,0,0,50.0,2020.0,Regular,Grass,85.0,cloudy,12.0
204,5293,2020,6,Stafford,M,QB,9,Jaguars,Lions,31,19,223,1,1,0,0,5,14,0,0,0,0,80.44354838709678,2020.0,Regular,Grass,81.0,scattered clouds,13.87
205,5299,2020,6,Rodgers,A,QB,12,Buccaneers,Packers,35,16,160,0,2,4,42,2,14,0,0,0,0,35.41666666666667,2020.0,Regular,Grass,88.0,cloudy,12.0
206,5299,2020,6,Boyle,Tim,QB,8,Buccaneers,Packers,0,0,0,0,0,1,11,0,0,0,0,0,0,,2020.0,Regular,Grass,88.0,cloudy,12.0
207,5291,2020,6,Bridgewater,T,QB,5,Bears,Panthers,29,16,216,0,2,4,25,8,48,0,0,0,0,50.35919540229885,2020.0,Regular,Grass,63.0,few clouds,6.93
208,5278,2020,6,Newton,C,QB,1,Broncos,Patriots,25,17,157,0,2,4,24,10,76,1,1,16,0,51.58333333333335,2020.0,Regular,Turf,60.0,clear sky,5.82
209,5300,2020,6,Goff,J,QB,16,49ers,Rams,38,19,189,2,1,0,0,1,10,0,0,0,0,71.05263157894738,2020.0,Regular,Grass,83.0,clear sky,9.17
210,5297,2020,6,Jackson,Lamar,QB,8,Eagles,Ravens,27,16,186,1,0,3,13,9,108,1,0,0,0,92.51543209876543,2020.0,Regular,Grass,64.0,few clouds,6.93
211,5298,2020,6,Roethlisberger,B,QB,7,Browns,Steelers,22,14,162,1,0,2,20,3,5,0,0,0,0,100.9469696969697,2020.0,Regular,Grass,61.0,broken clouds,12.75
212,5298,2020,6,Rudolph,Mason,QB,2,Browns,Steelers,1,1,6,0,0,0,0,3,-3,0,0,0,0,110.41666666666667,2020.0,Regular,Grass,61.0,broken clouds,12.75
213,5296,2020,6,Watson,Deshaun,QB,4,Titans,Texans,37,28,335,4,0,2,15,4,26,0,0,0,0,138.90765765765767,2020.0,Regular,Grass,62.0,moderate rain,8.05
214,5296,2020,6,Tannehill,R,QB,17,Texans,Titans,41,30,364,4,1,2,26,0,0,0,0,0,0,122.40853658536588,2020.0,Regular,Grass,62.0,moderate rain,8.05
215,5294,2020,6,Cousins,K,QB,12,Falcons,Vikings,36,24,343,3,3,1,10,0,0,0,0,0,0,90.39351851851852,2020.0,Regular,Turf-Dome,33.0,broken clouds,17.22
216,5295,2020,6,Allen,Kyle,QB,7,Giants,Washington,42,31,280,2,1,3,29,2,8,0,0,0,0,97.3214285714286,2020.0,Regular,Turf,62.0,broken clouds,9.17
217,5295,2020,6,Thomas,L,QB,6,Giants,Washington,0,0,0,0,0,0,0,0,0,0,3,42,1,,2020.0,Regular,Turf,62.0,broken clouds,9.17
218,5314,2020,7,Garoppolo,J,QB,10,Patriots,49ers,25,20,277,0,2,1,7,1,4,0,0,0,0,81.58333333333333,2020.0,Regular,Turf,45.0,few clouds,3.36
219,5316,2020,7,Foles,N,QB,9,Rams,Bears,40,28,261,0,2,4,31,0,0,0,0,0,0,66.77083333333333,2020.0,Regular,Turf-Dome,66.0,clear sky,1.41
220,5306,2020,7,Burrow,Joe,QB,9,Browns,Bengals,47,35,406,3,1,4,35,6,28,1,0,0,0,112.54432624113475,2020.0,Regular,Turf,52.0,overcast clouds,8.05
221,5309,2020,7,Allen,Josh,QB,17,Jets,Bills,43,30,307,0,0,2,11,11,61,0,0,0,0,89.97093023255815,2020.0,Regular,Turf,51.0,clear sky,8.05
222,5313,2020,7,Lock,Drew,QB,3,Chiefs,Broncos,40,24,254,0,2,3,20,3,8,1,0,0,0,57.70833333333333,2020.0,Regular,Grass,12.0,overcast clouds,4.0
223,5306,2020,7,Mayfield,Baker,QB,6,Bengals,Browns,28,22,294,5,1,0,0,1,-1,0,0,0,0,155.95238095238096,2020.0,Regular,Turf,52.0,overcast clouds,8.05
224,5315,2020,7,Brady,T,QB,12,Raiders,Buccaneers,45,33,369,4,0,0,0,1,1,1,0,0,0,126.99074074074075,2020.0,Regular,Grass-Dome,75.0,clear sky,9.0
225,5312,2020,7,Murray,Kyler,QB,1,Seahawks,Cardinals,48,34,360,3,1,0,0,14,67,1,0,0,0,104.5138888888889,2020.0,Regular,Grass-Roof,85.0,scattered clouds,14.99
226,5317,2020,7,Herbert,Justin,QB,10,Jaguars,Chargers,43,27,347,3,0,1,2,9,66,1,0,0,0,111.28875968992247,2020.0,Regular,Grass,67.0,overcast clouds,5.82
227,5317,2020,7,Stick,Easton,QB,2,Jaguars,Chargers,1,1,4,0,0,0,0,1,-2,0,0,0,0,102.08333333333333,2020.0,Regular,Grass,67.0,overcast clouds,5.82
228,5313,2020,7,Mahomes,Patrick,QB,15,Broncos,Chiefs,23,15,200,1,0,3,25,0,0,0,0,0,0,107.1557971014493,2020.0,Regular,Grass,12.0,overcast clouds,4.0
229,5313,2020,7,Henne,C,QB,7,Broncos,Chiefs,2,2,13,0,0,1,3,4,-2,1,0,0,0,112.5,2020.0,Regular,Grass,12.0,overcast clouds,4.0
230,5311,2020,7,Dalton,A,QB,14,Washington,Cowboys,19,9,75,0,1,3,31,3,16,0,0,0,0,36.074561403508774,2020.0,Regular,Grass,47.0,light rain,3.36
231,5311,2020,7,DiNucci,Ben,QB,7,Washington,Cowboys,3,2,39,0,0,3,25,1,0,0,0,0,0,111.80555555555556,2020.0,Regular,Grass,47.0,light rain,3.36
232,5304,2020,7,Wentz,C,QB,11,Giants,Eagles,43,25,359,2,1,3,13,7,14,1,0,0,0,91.13372093023257,2020.0,Regular,Grass,68.0,broken clouds,3.36
233,5304,2020,7,Hurts,Jalen,QB,2,Giants,Eagles,0,0,0,0,0,0,0,2,2,0,0,0,0,,2020.0,Regular,Grass,68.0,broken clouds,3.36
234,5305,2020,7,Ryan,M,QB,2,Lions,Falcons,42,31,338,1,0,2,16,0,0,0,0,0,0,105.05952380952381,2020.0,Regular,Turf-Roof,73.0,overcast clouds,3.36
235,5317,2020,7,Minshew,Gardner,QB,15,Chargers,Jaguars,27,14,173,2,0,5,19,4,21,0,0,0,0,96.68209876543209,2020.0,Regular,Grass,67.0,overcast clouds,5.82
236,5309,2020,7,Darnold,Sam,QB,14,Bills,Jets,23,12,120,0,2,6,29,0,0,0,0,0,0,31.068840579710148,2020.0,Regular,Turf,51.0,clear sky,8.05
237,5305,2020,7,Stafford,M,QB,9,Falcons,Lions,36,25,340,1,0,2,18,1,8,0,0,0,0,108.56481481481481,2020.0,Regular,Turf-Roof,73.0,overcast clouds,3.36
238,5307,2020,7,Rodgers,A,QB,12,Texans,Packers,34,23,283,4,0,0,0,0,0,0,0,0,0,132.35294117647058,2020.0,Regular,Turf-Roof,75.0,overcast clouds,10.29
239,5307,2020,7,Boyle,Tim,QB,8,Texans,Packers,0,0,0,0,0,0,0,2,-1,0,0,0,0,,2020.0,Regular,Turf-Roof,75.0,overcast clouds,10.29
240,5308,2020,7,Bridgewater,T,QB,5,Saints,Panthers,28,23,254,2,0,1,8,2,10,0,0,0,0,132.14285714285714,2020.0,Regular,Turf-Dome,69.0,overcast clouds,8.05
241,5314,2020,7,Newton,C,QB,1,49ers,Patriots,15,9,98,0,3,1,8,5,19,0,0,0,0,-4.027777777777778,2020.0,Regular,Turf,45.0,few clouds,3.36
242,5314,2020,7,Stidham,Jarrett,QB,4,49ers,Patriots,10,6,64,0,1,1,7,2,3,0,0,0,0,37.083333333333336,2020.0,Regular,Turf,45.0,few clouds,3.36
243,5315,2020,7,Carr,D,QB,5,Buccaneers,Raiders,36,24,284,2,1,3,13,2,19,0,0,0,0,97.45370370370368,2020.0,Regular,Grass-Dome,75.0,clear sky,9.0
244,5316,2020,7,Goff,J,QB,16,Bears,Rams,33,23,219,2,0,1,9,4,1,0,0,0,0,108.01767676767678,2020.0,Regular,Turf-Dome,66.0,clear sky,1.41
245,5308,2020,7,Brees,D,QB,9,Panthers,Saints,36,29,287,2,0,1,10,3,2,1,0,0,0,120.94907407407408,2020.0,Regular,Turf-Dome,69.0,overcast clouds,8.05
246,5308,2020,7,Hill,Taysom,QB,7,Panthers,Saints,1,1,0,0,0,0,0,1,6,0,0,0,0,85.41666666666666,2020.0,Regular,Turf-Dome,69.0,overcast clouds,8.05
247,5312,2020,7,Wilson,R,QB,3,Cardinals,Seahawks,50,33,388,3,3,2,16,6,84,0,0,0,0,84.41666666666667,2020.0,Regular,Grass-Roof,85.0,scattered clouds,14.99
248,5303,2020,7,Roethlisberger,B,QB,7,Titans,Steelers,49,32,268,2,3,0,0,1,-1,0,0,0,0,67.38945578231292,2020.0,Regular,Grass,60.0,overcast clouds,4.7
249,5307,2020,7,Watson,Deshaun,QB,4,Packers,Texans,39,29,309,2,0,3,23,7,38,0,0,0,0,114.1559829059829,2020.0,Regular,Turf-Roof,75.0,overcast clouds,10.29
250,5303,2020,7,Tannehill,R,QB,17,Steelers,Titans,30,18,220,2,0,2,10,2,5,0,0,0,0,104.8611111111111,2020.0,Regular,Grass,60.0,overcast clouds,4.7
251,5311,2020,7,Allen,Kyle,QB,7,Cowboys,Washington,25,15,194,2,0,2,5,4,11,0,0,0,0,111.08333333333333,2020.0,Regular,Grass,47.0,light rain,3.36
252,5311,2020,7,Thomas,L,QB,6,Cowboys,Washington,0,0,0,0,0,0,0,0,0,0,4,60,1,,2020.0,Regular,Grass,47.0,light rain,3.36
253,5327,2020,8,Garoppolo,J,QB,10,Seahawks,49ers,16,11,84,0,1,3,23,4,4,0,0,0,0,55.208333333333336,2020.0,Regular,Turf,57.0,clear sky,3.36
254,5327,2020,8,Mullens,Nick,QB,4,Seahawks,49ers,25,18,238,2,0,0,0,0,0,0,0,0,0,128.41666666666666,2020.0,Regular,Turf,57.0,clear sky,3.36
255,5326,2020,8,Foles,N,QB,9,Saints,Bears,41,28,272,2,1,5,39,0,0,0,0,0,0,92.73373983739837,2020.0,Regular,Grass,40.0,broken clouds,1.99
256,5326,2020,8,Trubisky,Mitchell,QB,10,Saints,Bears,0,0,0,0,0,0,0,1,3,0,0,0,0,,2020.0,Regular,Grass,40.0,broken clouds,1.99
257,5320,2020,8,Burrow,Joe,QB,9,Titans,Bengals,37,26,249,2,0,0,0,3,9,0,0,0,0,106.70045045045045,2020.0,Regular,Turf,50.0,few clouds,4.0
258,5319,2020,8,Allen,Josh,QB,17,Patriots,Bills,18,11,154,0,1,1,5,10,23,1,0,0,0,65.50925925925927,2020.0,Regular,Turf,40.0,moderate rain,3.0
259,5330,2020,8,Lock,Drew,QB,3,Chargers,Broncos,41,26,248,3,1,2,5,2,-1,0,0,0,0,94.35975609756099,2020.0,Regular,Grass,67.0,clear sky,5.01
260,5321,2020,8,Mayfield,Baker,QB,6,Raiders,Browns,25,12,122,0,0,0,0,6,29,0,0,0,0,62.416666666666664,2020.0,Regular,Grass,40.0,light rain,16.11
261,5329,2020,8,Brady,T,QB,12,Giants,Buccaneers,40,28,279,2,0,2,16,1,-1,0,0,0,0,106.14583333333331,2020.0,Regular,Turf,41.0,clear sky,18.34
262,5330,2020,8,Herbert,Justin,QB,10,Broncos,Chargers,43,29,278,3,2,2,3,3,21,0,0,0,0,89.09883720930232,2020.0,Regular,Grass,67.0,clear sky,5.01
263,5324,2020,8,Mahomes,Patrick,QB,15,Jets,Chiefs,42,31,416,5,0,0,0,0,0,0,0,0,0,144.54365079365078,2020.0,Regular,Grass,49.0,clear sky,10.29
264,5324,2020,8,Henne,C,QB,7,Jets,Chiefs,4,3,17,0,0,0,0,1,0,0,0,0,0,82.29166666666666,2020.0,Regular,Grass,49.0,clear sky,10.29
265,5322,2020,8,Rivers,P,QB,17,Lions,Colts,33,23,262,3,0,2,15,2,-2,0,0,0,0,123.5479797979798,2020.0,Regular,Turf-Dome,39.0,overcast clouds,26.4
266,5328,2020,8,DiNucci,Ben,QB,7,Eagles,Cowboys,40,21,180,0,0,4,48,5,22,0,0,0,0,64.58333333333334,2020.0,Regular,Grass,49.0,cloudy,17.0
267,5325,2020,8,Tagovailoa,Tua,QB,1,Rams,Dolphins,22,12,93,1,0,1,3,2,0,0,0,0,0,80.30303030303031,2020.0,Regular,Grass,86.0,scattered clouds,12.75
268,5328,2020,8,Wentz,C,QB,11,Cowboys,Eagles,27,15,123,2,2,4,19,4,17,0,0,0,0,61.18827160493827,2020.0,Regular,Grass,49.0,cloudy,17.0
269,5328,2020,8,Hurts,Jalen,QB,2,Cowboys,Eagles,1,1,9,0,0,0,0,0,0,0,0,0,0,122.91666666666667,2020.0,Regular,Grass,49.0,cloudy,17.0
270,5318,2020,8,Ryan,M,QB,2,Panthers,Falcons,30,21,281,0,1,2,11,6,27,1,0,0,0,85.55555555555556,2020.0,Regular,Grass,70.0,moderate rain,14.99
271,5324,2020,8,Darnold,Sam,QB,14,Chiefs,Jets,30,18,133,0,0,1,5,4,21,0,0,0,0,70.55555555555556,2020.0,Regular,Grass,49.0,clear sky,10.29
272,5322,2020,8,Stafford,M,QB,9,Colts,Lions,42,24,336,3,1,5,39,1,10,0,0,0,0,96.92460317460316,2020.0,Regular,Turf-Dome,39.0,overcast clouds,26.4
273,5323,2020,8,Rodgers,A,QB,12,Vikings,Packers,41,27,291,3,0,1,0,2,9,0,0,0,0,110.92479674796749,2020.0,Regular,Grass,35.0,overcast clouds,23.04
274,5318,2020,8,Bridgewater,T,QB,5,Falcons,Panthers,23,15,176,1,1,3,22,5,30,0,0,0,0,84.69202898550724,2020.0,Regular,Grass,70.0,moderate rain,14.99
275,5318,2020,8,Walker,Phillip,QB,8,Falcons,Panthers,4,1,-7,0,0,0,0,0,0,0,0,0,0,15.625,2020.0,Regular,Grass,70.0,moderate rain,14.99
276,5319,2020,8,Newton,C,QB,1,Bills,Patriots,25,15,174,0,0,2,13,9,54,1,0,0,0,81.08333333333334,2020.0,Regular,Turf,40.0,moderate rain,3.0
277,5321,2020,8,Carr,D,QB,5,Browns,Raiders,24,15,112,1,0,2,11,6,41,0,0,0,0,87.5,2020.0,Regular,Grass,40.0,light rain,16.11
278,5325,2020,8,Goff,J,QB,16,Dolphins,Rams,61,35,355,1,2,2,15,0,0,0,0,0,0,65.94945355191257,2020.0,Regular,Grass,86.0,scattered clouds,12.75
279,5310,2020,8,Jackson,Lamar,QB,8,Steelers,Ravens,28,13,208,2,2,4,16,16,65,0,0,0,0,65.77380952380952,2020.0,Regular,Grass,53.0,mist,9.17
280,5326,2020,8,Hill,Taysom,QB,7,Bears,Saints,0,0,0,0,0,0,0,5,35,0,2,30,1,,2020.0,Regular,Grass,40.0,broken clouds,1.99
281,5326,2020,8,Brees,D,QB,9,Bears,Saints,41,31,280,2,0,1,8,3,4,0,0,0,0,109.8069105691057,2020.0,Regular,Grass,40.0,broken clouds,1.99
282,5327,2020,8,Wilson,R,QB,3,49ers,Seahawks,37,27,261,4,0,2,12,6,23,0,0,0,0,128.32207207207207,2020.0,Regular,Turf,57.0,clear sky,3.36
283,5310,2020,8,Roethlisberger,B,QB,7,Ravens,Steelers,32,21,182,2,0,2,9,0,0,0,0,0,0,101.30208333333333,2020.0,Regular,Grass,53.0,mist,9.17
284,5320,2020,8,Tannehill,R,QB,17,Bengals,Titans,30,18,233,2,1,1,10,2,20,0,0,0,0,92.77777777777777,2020.0,Regular,Turf,50.0,few clouds,4.0
285,5323,2020,8,Cousins,K,QB,12,Packers,Vikings,14,11,160,1,0,1,9,0,0,0,0,0,0,138.98809523809524,2020.0,Regular,Grass,35.0,overcast clouds,23.04
286,5331,2020,9,Mullens,Nick,QB,4,Packers,49ers,35,22,291,1,1,1,9,1,0,0,0,0,0,86.72619047619047,2020.0,Regular,Grass,68.0,clear sky,10.29
287,5338,2020,9,Foles,N,QB,9,Titans,Bears,52,36,335,2,0,3,16,2,2,0,0,0,0,99.43910256410255,2020.0,Regular,Grass,78.0,few clouds,8.05
288,5333,2020,9,Allen,Josh,QB,17,Seahawks,Bills,38,31,415,3,0,7,29,7,14,1,0,0,0,141.8859649122807,2020.0,Regular,Turf,69.0,clear sky,6.22
289,5332,2020,9,Lock,Drew,QB,3,Falcons,Broncos,48,25,313,2,1,1,11,7,47,1,0,0,0,77.86458333333334,2020.0,Regular,Turf-Roof,72.0,overcast clouds,14.99
290,5343,2020,9,Brady,T,QB,12,Saints,Buccaneers,38,22,209,0,3,3,23,0,0,0,0,0,0,40.350877192982466,2020.0,Regular,Grass,75.0,moderate rain,8.05
291,5343,2020,9,Gabbert,B,QB,11,Saints,Buccaneers,0,0,0,0,0,0,0,1,-1,0,0,0,0,,2020.0,Regular,Grass,75.0,moderate rain,8.05
292,5341,2020,9,Murray,Kyler,QB,1,Dolphins,Cardinals,26,21,283,3,0,1,19,11,106,1,0,0,0,153.2051282051282,2020.0,Regular,Grass-Roof,64.0,broken clouds,12.75
293,5340,2020,9,Herbert,Justin,QB,10,Raiders,Chargers,42,28,326,2,0,2,14,5,24,0,0,0,0,105.85317460317461,2020.0,Regular,Grass,60.0,clear sky,8.05
294,5336,2020,9,Mahomes,Patrick,QB,15,Panthers,Chiefs,45,30,372,4,0,1,5,2,0,0,0,0,0,121.71296296296296,2020.0,Regular,Grass,73.0,scattered clouds,16.11
295,5334,2020,9,Rivers,P,QB,17,Ravens,Colts,43,25,227,0,1,0,0,0,0,0,0,0,0,62.83914728682171,2020.0,Regular,Turf-Roof,77.0,few clouds,10.29
296,5334,2020,9,Brissett,J,QB,7,Ravens,Colts,1,0,0,0,0,0,0,0,0,0,0,0,0,2.083333333333333,2020.0,Regular,Turf-Roof,77.0,few clouds,10.29
297,5342,2020,9,Gilbert,Garrett,QB,3,Steelers,Cowboys,38,21,243,1,1,2,23,3,28,0,0,0,0,72.58771929824562,2020.0,Regular,Turf-Roof,73.0,scattered clouds,14.99
298,5341,2020,9,Tagovailoa,Tua,QB,1,Cardinals,Dolphins,28,20,248,2,0,3,27,7,35,0,0,0,0,122.32142857142858,2020.0,Regular,Grass-Roof,64.0,broken clouds,12.75
299,5332,2020,9,Ryan,M,QB,2,Broncos,Falcons,35,25,284,3,1,2,13,3,10,0,0,0,0,112.08333333333333,2020.0,Regular,Turf-Roof,72.0,overcast clouds,14.99
300,5335,2020,9,Luton,Jake,QB,6,Texans,Jaguars,38,26,304,1,1,2,7,0,0,0,0,0,0,90.24122807017544,2020.0,Regular,Grass,81.0,broken clouds,19.46
301,5344,2020,9,Flacco,J,QB,5,Patriots,Jets,25,18,262,3,1,1,5,0,0,0,0,0,0,129.08333333333331,2020.0,Regular,Turf,62.0,clear sky,4.7
302,5337,2020,9,Stafford,M,QB,9,Vikings,Lions,32,23,211,1,2,2,13,0,0,0,0,0,0,73.828125,2020.0,Regular,Turf-Dome,69.0,few clouds,21.92
303,5337,2020,9,Daniel,C,QB,10,Vikings,Lions,13,8,94,1,1,0,0,1,5,0,0,0,0,77.08333333333334,2020.0,Regular,Turf-Dome,69.0,few clouds,21.92
304,5331,2020,9,Rodgers,A,QB,12,49ers,Packers,31,25,305,4,0,1,11,1,7,0,0,0,0,153.29301075268816,2020.0,Regular,Grass,68.0,clear sky,10.29
305,5331,2020,9,Lovett,John,QB,40,49ers,Packers,0,0,0,0,0,0,0,3,6,0,0,0,0,,2020.0,Regular,Grass,68.0,clear sky,10.29
306,5331,2020,9,Boyle,Tim,QB,8,49ers,Packers,0,0,0,0,0,0,0,1,-1,0,0,0,0,,2020.0,Regular,Grass,68.0,clear sky,10.29
307,5336,2020,9,Bridgewater,T,QB,5,Chiefs,Panthers,49,36,301,2,0,2,7,2,19,1,0,0,0,102.50850340136056,2020.0,Regular,Grass,73.0,scattered clouds,16.11
308,5344,2020,9,Newton,C,QB,1,Jets,Patriots,35,27,274,0,0,0,0,10,16,2,0,0,0,98.98809523809523,2020.0,Regular,Turf,62.0,clear sky,4.7
309,5340,2020,9,Carr,D,QB,5,Chargers,Raiders,23,13,165,2,0,1,5,2,14,0,0,0,0,108.06159420289856,2020.0,Regular,Grass,60.0,clear sky,8.05
310,5334,2020,9,Jackson,Lamar,QB,8,Colts,Ravens,23,19,170,0,0,2,14,13,58,1,0,0,0,101.72101449275364,2020.0,Regular,Turf-Roof,77.0,few clouds,10.29
311,5343,2020,9,Brees,D,QB,9,Buccaneers,Saints,32,26,222,4,0,1,0,2,-2,0,0,0,0,140.36458333333331,2020.0,Regular,Grass,75.0,moderate rain,8.05
312,5343,2020,9,Hill,Taysom,QB,7,Buccaneers,Saints,2,2,48,0,0,0,0,7,54,0,1,21,0,185.41666666666669,2020.0,Regular,Grass,75.0,moderate rain,8.05
313,5343,2020,9,Winston,J,QB,3,Buccaneers,Saints,1,1,12,0,0,0,0,3,-3,0,0,0,0,135.41666666666669,2020.0,Regular,Grass,75.0,moderate rain,8.05
314,5333,2020,9,Wilson,R,QB,3,Bills,Seahawks,41,28,390,2,2,5,28,2,5,1,0,0,0,94.5630081300813,2020.0,Regular,Turf,69.0,clear sky,6.22
315,5342,2020,9,Roethlisberger,B,QB,7,Cowboys,Steelers,42,29,306,3,0,0,0,1,8,0,0,0,0,113.78968253968253,2020.0,Regular,Turf-Roof,73.0,scattered clouds,14.99
316,5342,2020,9,Rudolph,Mason,QB,2,Cowboys,Steelers,3,2,3,0,0,0,0,0,0,0,0,0,0,61.80555555555555,2020.0,Regular,Turf-Roof,73.0,scattered clouds,14.99
317,5335,2020,9,Watson,Deshaun,QB,4,Jaguars,Texans,32,19,281,2,0,2,14,10,50,0,0,0,0,108.984375,2020.0,Regular,Grass,81.0,broken clouds,19.46
318,5338,2020,9,Tannehill,R,QB,17,Bears,Titans,21,10,158,2,0,3,22,3,3,0,0,0,0,104.8611111111111,2020.0,Regular,Grass,78.0,few clouds,8.05
319,5337,2020,9,Cousins,K,QB,12,Lions,Vikings,20,13,220,3,0,1,8,0,0,0,0,0,0,152.08333333333331,2020.0,Regular,Turf-Dome,69.0,few clouds,21.92
320,5339,2020,9,Allen,Kyle,QB,7,Giants,Washington,7,5,62,0,0,0,0,0,0,0,0,0,0,98.51190476190477,2020.0,Regular,Grass,75.0,clear sky,3.36
321,5339,2020,9,Thomas,L,QB,6,Giants,Washington,0,0,0,0,0,0,0,0,0,0,3,28,0,,2020.0,Regular,Grass,75.0,clear sky,3.36
322,5339,2020,9,Smith,A,QB,11,Giants,Washington,32,24,325,1,3,2,22,0,0,0,0,0,0,78.25520833333334,2020.0,Regular,Grass,75.0,clear sky,3.36
323,5355,2020,10,Mullens,Nick,QB,4,Saints,49ers,38,24,247,1,2,2,15,1,3,0,0,0,0,68.64035087719299,2020.0,Regular,Turf-Dome,75.0,clear sky,18.34
324,5355,2020,10,Beathard,C.J.,QB,3,Saints,49ers,1,0,0,0,0,0,0,0,0,0,0,0,0,2.083333333333333,2020.0,Regular,Turf-Dome,75.0,clear sky,18.34
325,5358,2020,10,Foles,N,QB,9,Vikings,Bears,26,15,106,0,1,2,16,2,-3,0,0,0,0,51.121794871794854,2020.0,Regular,Grass,44.0,clear sky,11.0
326,5358,2020,10,Bray,Tyler,QB,0,Vikings,Bears,5,1,18,0,0,0,0,0,0,0,0,0,0,33.75000000000001,2020.0,Regular,Grass,44.0,clear sky,11.0
327,5352,2020,10,Burrow,Joe,QB,9,Steelers,Bengals,40,21,213,1,0,4,28,0,0,0,0,0,0,76.35416666666669,2020.0,Regular,Grass,57.0,moderate rain,14.99
328,5353,2020,10,Allen,Josh,QB,17,Cardinals,Bills,49,32,284,2,2,0,0,7,38,0,1,12,1,77.25340136054423,2020.0,Regular,Grass-Roof,79.0,clear sky,3.22
329,5354,2020,10,Lock,Drew,QB,3,Raiders,Broncos,47,23,257,1,4,2,10,2,7,0,0,0,0,37.27836879432624,2020.0,Regular,Grass-Dome,66.0,few clouds,3.36
330,5348,2020,10,Mayfield,Baker,QB,6,Texans,Browns,20,12,132,0,0,1,7,3,1,0,0,0,0,79.58333333333334,2020.0,Regular,Grass,51.0,thunderstorm,39.15
331,5347,2020,10,Brady,T,QB,12,Panthers,Buccaneers,39,28,341,3,0,1,7,2,2,1,0,0,0,123.98504273504274,2020.0,Regular,Grass,71.0,broken clouds,14.99
332,5347,2020,10,Gabbert,B,QB,11,Panthers,Buccaneers,0,0,0,0,0,0,0,3,0,0,0,0,0,,2020.0,Regular,Grass,71.0,broken clouds,14.99
333,5353,2020,10,Murray,Kyler,QB,1,Bills,Cardinals,32,22,245,1,1,3,9,11,61,2,0,0,0,88.671875,2020.0,Regular,Grass-Roof,79.0,clear sky,3.22
334,5345,2020,10,Herbert,Justin,QB,10,Dolphins,Chargers,32,20,187,2,1,2,13,4,10,1,0,0,0,86.328125,2020.0,Regular,Grass,83.0,few clouds,8.05
335,5346,2020,10,Rivers,P,QB,17,Titans,Colts,39,29,308,1,0,1,11,0,0,0,0,0,0,105.50213675213675,2020.0,Regular,Grass,56.0,clear sky,6.0
336,5346,2020,10,Brissett,J,QB,7,Titans,Colts,0,0,0,0,0,0,0,1,2,1,0,0,0,,2020.0,Regular,Grass,56.0,clear sky,6.0
337,5345,2020,10,Tagovailoa,Tua,QB,1,Chargers,Dolphins,25,15,169,2,0,0,0,6,-1,0,0,0,0,106.91666666666666,2020.0,Regular,Grass,83.0,few clouds,8.05
338,5351,2020,10,Wentz,C,QB,11,Giants,Eagles,38,21,204,0,0,2,14,2,3,0,0,0,0,70.50438596491229,2020.0,Regular,Turf,56.0,overcast clouds,17.22
339,5351,2020,10,Hurts,Jalen,QB,2,Giants,Eagles,0,0,0,0,0,0,0,2,-1,0,0,0,0,,2020.0,Regular,Turf,56.0,overcast clouds,17.22
340,5350,2020,10,Luton,Jake,QB,6,Packers,Jaguars,35,18,169,1,1,3,18,0,0,0,0,0,0,62.678571428571416,2020.0,Regular,Grass,37.0,overcast clouds,28.86
341,5349,2020,10,Stafford,M,QB,9,Washington,Lions,33,24,276,3,0,1,9,0,0,0,0,0,0,127.84090909090911,2020.0,Regular,Turf-Dome,49.0,scattered clouds,32.21
342,5350,2020,10,Rodgers,A,QB,12,Jaguars,Packers,34,24,325,2,1,1,10,3,4,1,0,0,0,108.08823529411764,2020.0,Regular,Grass,37.0,overcast clouds,28.86
343,5347,2020,10,Bridgewater,T,QB,5,Buccaneers,Panthers,24,18,136,2,1,1,5,3,16,1,0,0,0,98.61111111111113,2020.0,Regular,Grass,71.0,broken clouds,14.99
344,5347,2020,10,Walker,Phillip,QB,8,Buccaneers,Panthers,4,2,12,0,0,1,16,0,0,0,0,0,0,56.25,2020.0,Regular,Grass,71.0,broken clouds,14.99
345,5357,2020,10,Newton,C,QB,1,Ravens,Patriots,17,13,118,1,0,1,7,11,21,1,0,0,0,114.33823529411764,2020.0,Regular,Turf,54.0,light rain,16.11
346,5354,2020,10,Carr,D,QB,5,Broncos,Raiders,25,16,154,0,0,0,0,4,10,0,0,0,0,81.08333333333334,2020.0,Regular,Grass-Dome,66.0,few clouds,3.36
347,5356,2020,10,Goff,J,QB,16,Seahawks,Rams,37,27,302,0,0,3,19,5,4,0,0,0,0,96.90315315315316,2020.0,Regular,Turf-Dome,78.0,clear sky,4.56
348,5357,2020,10,Jackson,Lamar,QB,8,Patriots,Ravens,34,24,249,2,1,2,7,11,55,0,0,0,0,98.77450980392157,2020.0,Regular,Turf,54.0,light rain,16.11
349,5355,2020,10,Brees,D,QB,9,49ers,Saints,13,8,76,1,0,0,0,1,-1,0,0,0,0,103.3653846153846,2020.0,Regular,Turf-Dome,75.0,clear sky,18.34
350,5355,2020,10,Hill,Taysom,QB,7,49ers,Saints,0,0,0,0,0,1,5,8,43,0,0,0,0,,2020.0,Regular,Turf-Dome,75.0,clear sky,18.34
351,5355,2020,10,Winston,J,QB,3,49ers,Saints,10,6,63,0,0,2,11,4,-2,0,0,0,0,78.33333333333333,2020.0,Regular,Turf-Dome,75.0,clear sky,18.34
352,5356,2020,10,Wilson,R,QB,3,Rams,Seahawks,37,22,248,0,2,6,28,8,60,0,0,0,0,57.0382882882883,2020.0,Regular,Turf-Dome,78.0,clear sky,4.56
353,5352,2020,10,Roethlisberger,B,QB,7,Bengals,Steelers,46,27,313,4,0,0,0,1,0,0,0,0,0,108.33333333333333,2020.0,Regular,Grass,57.0,moderate rain,14.99
354,5348,2020,10,Watson,Deshaun,QB,4,Browns,Texans,30,20,163,1,0,2,10,8,36,0,0,0,0,91.38888888888887,2020.0,Regular,Grass,51.0,thunderstorm,39.15
355,5346,2020,10,Tannehill,R,QB,17,Colts,Titans,27,15,147,1,0,1,10,2,9,0,0,0,0,83.4104938271605,2020.0,Regular,Grass,56.0,clear sky,6.0
356,5358,2020,10,Cousins,K,QB,12,Bears,Vikings,36,25,292,2,1,1,6,1,-1,0,0,0,0,100.69444444444444,2020.0,Regular,Grass,44.0,clear sky,11.0
357,5349,2020,10,Smith,A,QB,11,Lions,Washington,55,38,390,0,0,2,15,2,4,0,0,0,0,89.20454545454545,2020.0,Regular,Turf-Dome,49.0,scattered clouds,32.21
358,5349,2020,10,Thomas,L,QB,6,Lions,Washington,0,0,0,0,0,0,0,0,0,0,4,66,0,,2020.0,Regular,Turf-Dome,49.0,scattered clouds,32.21
359,5369,2020,11,Burrow,Joe,QB,9,Washington,Bengals,34,22,203,1,0,0,0,2,12,0,0,0,0,90.68627450980392,2020.0,Regular,Grass,57.0,broken clouds,5.82
360,5369,2020,11,Finley,Ryan,QB,5,Washington,Bengals,10,3,30,0,1,4,31,1,19,0,0,0,0,-2.083333333333333,2020.0,Regular,Grass,57.0,broken clouds,5.82
361,5359,2020,11,Lock,Drew,QB,3,Dolphins,Broncos,30,18,270,0,1,0,0,2,23,0,0,0,0,75.69444444444443,2020.0,Regular,Grass,46.0,clear sky,1.99
362,5363,2020,11,Mayfield,Baker,QB,6,Eagles,Browns,22,12,204,0,0,3,17,6,9,0,0,0,0,86.17424242424242,2020.0,Regular,Grass,37.0,light rain,8.05
363,5372,2020,11,Brady,T,QB,12,Rams,Buccaneers,48,26,199,2,2,1,7,0,0,0,0,0,0,61.02430555555556,2020.0,Regular,Grass,69.0,clear sky,5.0
364,5361,2020,11,Murray,Kyler,QB,1,Seahawks,Cardinals,42,29,269,2,0,3,12,5,15,0,0,0,0,102.1825396825397,2020.0,Regular,Turf,45.0,overcast clouds,9.17
365,5360,2020,11,Herbert,Justin,QB,10,Jets,Chargers,49,37,366,3,0,3,19,2,11,0,0,0,0,116.5391156462585,2020.0,Regular,Grass,69.0,clear sky,3.36
366,5371,2020,11,Mahomes,Patrick,QB,15,Raiders,Chiefs,45,34,348,2,1,0,0,4,16,0,0,0,0,102.82407407407408,2020.0,Regular,Grass-Dome,55.0,clear sky,3.36
367,5364,2020,11,Rivers,P,QB,17,Packers,Colts,36,24,288,3,1,1,8,1,-1,0,0,0,0,107.17592592592592,2020.0,Regular,Turf-Roof,39.0,mist,16.11
368,5364,2020,11,Brissett,J,QB,7,Packers,Colts,0,0,0,0,0,0,0,2,9,0,0,0,0,,2020.0,Regular,Turf-Roof,39.0,mist,16.11
369,5370,2020,11,Dalton,A,QB,14,Vikings,Cowboys,32,22,203,3,1,1,7,3,5,0,1,-3,0,104.03645833333333,2020.0,Regular,Turf-Dome,39.0,cloudy,14.0
370,5359,2020,11,Tagovailoa,Tua,QB,1,Broncos,Dolphins,20,11,83,1,0,6,33,0,0,0,0,0,0,81.87500000000001,2020.0,Regular,Grass,46.0,clear sky,1.99
371,5359,2020,11,Fitzpatrick,R,QB,12,Broncos,Dolphins,18,12,117,0,1,0,0,2,6,0,0,0,0,61.57407407407407,2020.0,Regular,Grass,46.0,clear sky,1.99
372,5363,2020,11,Wentz,C,QB,11,Browns,Eagles,35,21,235,2,2,5,26,3,10,0,0,0,0,75.29761904761905,2020.0,Regular,Grass,37.0,light rain,8.05
373,5363,2020,11,Hurts,Jalen,QB,2,Browns,Eagles,0,0,0,0,0,0,0,1,6,0,0,0,0,,2020.0,Regular,Grass,37.0,light rain,8.05
374,5367,2020,11,Ryan,M,QB,2,Saints,Falcons,37,19,232,0,2,8,36,0,0,0,0,0,0,48.47972972972973,2020.0,Regular,Turf-Dome,74.0,few clouds,10.29
375,5366,2020,11,Luton,Jake,QB,6,Steelers,Jaguars,37,16,151,0,4,2,18,0,0,0,0,0,0,10.07882882882883,2020.0,Regular,Grass,72.0,broken clouds,9.17
376,5360,2020,11,Flacco,J,QB,5,Chargers,Jets,30,15,205,2,1,1,9,1,2,0,0,0,0,80.55555555555554,2020.0,Regular,Grass,69.0,clear sky,3.36
377,5362,2020,11,Stafford,M,QB,9,Panthers,Lions,33,18,178,0,0,5,33,4,5,0,0,0,0,70.01262626262626,2020.0,Regular,Grass,64.0,overcast clouds,6.93
378,5364,2020,11,Rodgers,A,QB,12,Colts,Packers,37,26,304,3,1,1,10,3,13,0,0,0,0,110.6418918918919,2020.0,Regular,Turf-Roof,39.0,mist,16.11
379,5362,2020,11,Walker,Phillip,QB,8,Lions,Panthers,34,24,258,1,2,1,0,5,-2,0,0,0,0,77.8186274509804,2020.0,Regular,Grass,64.0,overcast clouds,6.93
380,5365,2020,11,Newton,C,QB,1,Texans,Patriots,40,26,365,1,0,2,16,3,6,0,0,0,0,102.60416666666667,2020.0,Regular,Turf-Roof,78.0,clear sky,2.28
381,5371,2020,11,Carr,D,QB,5,Chiefs,Raiders,31,23,275,3,1,0,0,3,6,0,0,0,0,119.69086021505377,2020.0,Regular,Grass-Dome,55.0,clear sky,3.36
382,5372,2020,11,Goff,J,QB,16,Buccaneers,Rams,51,39,376,3,2,0,0,1,0,0,0,0,0,99.79575163398692,2020.0,Regular,Grass,69.0,clear sky,5.0
383,5368,2020,11,Jackson,Lamar,QB,8,Titans,Ravens,29,17,186,1,1,1,9,13,51,0,0,0,0,74.78448275862068,2020.0,Regular,Grass,53.0,overcast clouds,9.17
384,5367,2020,11,Hill,Taysom,QB,7,Falcons,Saints,23,18,233,0,0,3,23,10,51,2,0,0,0,109.51086956521738,2020.0,Regular,Turf-Dome,74.0,few clouds,10.29
385,5361,2020,11,Wilson,R,QB,3,Cardinals,Seahawks,28,23,197,2,0,3,15,10,42,0,0,0,0,123.66071428571426,2020.0,Regular,Turf,45.0,overcast clouds,9.17
386,5366,2020,11,Roethlisberger,B,QB,7,Jaguars,Steelers,46,32,267,2,1,0,0,0,0,0,0,0,0,89.67391304347827,2020.0,Regular,Grass,72.0,broken clouds,9.17
387,5366,2020,11,Rudolph,Mason,QB,2,Jaguars,Steelers,0,0,0,0,0,0,0,3,-4,0,0,0,0,,2020.0,Regular,Grass,72.0,broken clouds,9.17
388,5365,2020,11,Watson,Deshaun,QB,4,Patriots,Texans,37,28,344,2,0,0,0,6,36,1,0,0,0,121.90315315315317,2020.0,Regular,Turf-Roof,78.0,clear sky,2.28
389,5368,2020,11,Tannehill,R,QB,17,Ravens,Titans,31,22,259,2,1,2,0,4,35,0,0,0,0,104.09946236559139,2020.0,Regular,Grass,53.0,overcast clouds,9.17
390,5368,2020,11,Woodside,Logan,QB,5,Ravens,Titans,1,1,7,0,0,0,0,0,0,0,0,0,0,114.58333333333333,2020.0,Regular,Grass,53.0,overcast clouds,9.17
391,5370,2020,11,Cousins,K,QB,12,Cowboys,Vikings,30,22,314,3,0,2,9,1,4,0,0,0,0,140.13888888888889,2020.0,Regular,Turf-Dome,39.0,cloudy,14.0
392,5369,2020,11,Smith,A,QB,11,Bengals,Washington,25,17,166,1,1,2,5,3,-3,0,0,0,0,83.08333333333334,2020.0,Regular,Grass,57.0,broken clouds,5.82
393,5369,2020,11,Thomas,L,QB,6,Bengals,Washington,0,0,0,0,0,0,0,1,2,0,2,6,0,,2020.0,Regular,Grass,57.0,broken clouds,5.82
394,5385,2020,12,Mullens,Nick,QB,4,Rams,49ers,35,24,252,0,1,2,19,0,0,0,0,0,0,77.32142857142857,2020.0,Regular,Turf-Dome,72.0,clear sky,3.0
395,5387,2020,12,Trubisky,Mitchell,QB,10,Packers,Bears,46,26,242,3,2,3,13,3,11,0,0,0,0,74.72826086956522,2020.0,Regular,Grass,36.0,overcast clouds,13.87
396,5378,2020,12,Allen,Brandon,QB,8,Giants,Bengals,29,17,136,1,1,2,21,4,7,0,0,0,0,67.60057471264368,2020.0,Regular,Turf,52.0,clear sky,3.36
397,5377,2020,12,Allen,Josh,QB,17,Chargers,Bills,24,18,157,1,1,2,10,9,32,1,0,0,0,88.36805555555557,2020.0,Regular,Turf,50.0,overcast clouds,1.01
398,5377,2020,12,Barkley,M,QB,2,Chargers,Bills,0,0,0,0,0,1,7,0,0,0,0,0,0,,2020.0,Regular,Turf,50.0,overcast clouds,1.01
399,5380,2020,12,Mayfield,Baker,QB,6,Jaguars,Browns,29,19,258,2,0,2,6,4,1,0,0,0,0,116.73850574712642,2020.0,Regular,Grass,73.0,broken clouds,4.7
400,5386,2020,12,Brady,T,QB,12,Chiefs,Buccaneers,41,27,345,3,2,1,3,1,-1,0,0,0,0,96.08739837398373,2020.0,Regular,Grass,81.0,clear sky,5.0
401,5382,2020,12,Murray,Kyler,QB,1,Patriots,Cardinals,34,23,170,0,1,2,10,5,31,0,0,0,0,67.03431372549021,2020.0,Regular,Turf,53.0,clear sky,9.17
402,5377,2020,12,Herbert,Justin,QB,10,Bills,Chargers,52,31,316,1,1,3,25,2,-2,0,0,0,0,75.48076923076921,2020.0,Regular,Turf,50.0,overcast clouds,1.01
403,5386,2020,12,Mahomes,Patrick,QB,15,Buccaneers,Chiefs,49,37,462,3,0,2,6,4,28,0,0,0,0,124.70238095238095,2020.0,Regular,Grass,81.0,clear sky,5.0
404,5379,2020,12,Rivers,P,QB,17,Titans,Colts,42,24,295,2,1,1,6,0,0,0,0,0,0,84.92063492063492,2020.0,Regular,Turf-Roof,52.0,scattered clouds,8.05
405,5379,2020,12,Brissett,J,QB,7,Titans,Colts,2,0,0,0,0,1,9,4,3,2,0,0,0,2.083333333333333,2020.0,Regular,Turf-Roof,52.0,scattered clouds,8.05
406,5374,2020,12,Dalton,A,QB,14,Washington,Cowboys,35,25,215,1,1,3,24,3,17,0,0,0,0,84.82142857142857,,,,,,
407,5383,2020,12,Fitzpatrick,R,QB,12,Jets,Dolphins,39,24,257,2,0,4,16,3,10,0,0,0,0,97.91666666666666,2020.0,Regular,Turf,54.0,clear sky,4.7
408,5388,2020,12,Wentz,C,QB,11,Seahawks,Eagles,45,25,215,2,1,6,41,5,42,0,0,0,0,73.8425925925926,2020.0,Regular,Grass,60.0,rain,16.0
409,5388,2020,12,Hurts,Jalen,QB,2,Seahawks,Eagles,1,1,6,0,0,0,0,0,0,0,0,0,0,110.41666666666667,2020.0,Regular,Grass,60.0,rain,16.0
410,5376,2020,12,Ryan,M,QB,2,Raiders,Falcons,39,22,185,2,1,1,6,1,5,0,0,0,0,75.26709401709401,2020.0,Regular,Turf-Roof,55.0,overcast clouds,4.7
411,5376,2020,12,Schaub,M,QB,8,Raiders,Falcons,0,0,0,0,0,0,0,3,-4,0,0,0,0,,2020.0,Regular,Turf-Roof,55.0,overcast clouds,4.7
412,5378,2020,12,McCoy,C,QB,12,Bengals,Giants,10,6,31,0,0,0,0,5,7,0,0,0,0,65.0,2020.0,Regular,Turf,52.0,clear sky,3.36
413,5380,2020,12,Glennon,M,QB,8,Browns,Jaguars,35,20,235,2,0,0,0,2,6,0,0,0,0,96.72619047619048,2020.0,Regular,Grass,73.0,broken clouds,4.7
414,5383,2020,12,Darnold,Sam,QB,14,Dolphins,Jets,27,16,197,0,2,3,24,2,9,0,0,0,0,51.003086419753096,2020.0,Regular,Turf,54.0,clear sky,4.7
415,5373,2020,12,Stafford,M,QB,9,Texans,Lions,42,28,295,1,1,4,16,1,3,0,0,0,0,84.92063492063492,,,,,,
416,5387,2020,12,Rodgers,A,QB,12,Bears,Packers,29,21,211,4,0,0,0,2,12,0,0,0,0,138.72126436781608,2020.0,Regular,Grass,36.0,overcast clouds,13.87
417,5387,2020,12,Boyle,Tim,QB,8,Bears,Packers,0,0,0,0,0,0,0,2,0,0,0,0,0,,2020.0,Regular,Grass,36.0,overcast clouds,13.87
418,5381,2020,12,Bridgewater,T,QB,5,Vikings,Panthers,36,19,267,1,1,0,0,2,12,0,0,0,0,74.65277777777779,2020.0,Regular,Turf-Dome,35.0,overcast clouds,23.04
419,5382,2020,12,Newton,C,QB,1,Cardinals,Patriots,18,9,84,0,2,3,15,9,46,0,0,0,0,16.898148148148152,2020.0,Regular,Turf,53.0,clear sky,9.17
420,5376,2020,12,Carr,D,QB,5,Falcons,Raiders,34,22,215,0,1,3,21,0,0,0,0,0,0,70.09803921568628,2020.0,Regular,Turf-Roof,55.0,overcast clouds,4.7
421,5376,2020,12,Peterman,Nathan,QB,18,Falcons,Raiders,5,3,25,0,0,2,16,1,9,0,0,0,0,72.91666666666666,2020.0,Regular,Turf-Roof,55.0,overcast clouds,4.7
422,5385,2020,12,Goff,J,QB,16,49ers,Rams,31,19,198,0,2,2,16,5,11,0,0,0,0,52.88978494623656,2020.0,Regular,Turf-Dome,72.0,clear sky,3.0
423,5375,2020,12,Griffin,R,QB,10,Steelers,Ravens,12,7,33,0,1,3,20,7,68,0,0,0,0,27.430555555555564,2020.0,Regular,Grass,52.0,scattered clouds,6.93
424,5375,2020,12,McSorley,Trace,QB,7,Steelers,Ravens,6,2,77,1,0,0,0,3,16,0,0,0,0,138.88888888888886,2020.0,Regular,Grass,52.0,scattered clouds,6.93
425,5384,2020,12,Hill,Taysom,QB,7,Broncos,Saints,16,9,78,0,1,3,15,10,44,2,0,0,0,43.22916666666667,2020.0,Regular,Grass,38.0,clear sky,6.0
426,5388,2020,12,Wilson,R,QB,3,Eagles,Seahawks,31,22,230,1,0,2,5,6,12,0,0,0,0,102.88978494623657,2020.0,Regular,Grass,60.0,rain,16.0
427,5375,2020,12,Roethlisberger,B,QB,7,Ravens,Steelers,51,36,266,1,1,0,0,1,-1,0,0,0,0,81.00490196078432,2020.0,Regular,Grass,52.0,scattered clouds,6.93
428,5373,2020,12,Watson,Deshaun,QB,4,Lions,Texans,25,17,318,4,0,2,11,8,24,0,0,0,0,165.08333333333337,,,,,,
429,5379,2020,12,Tannehill,R,QB,17,Colts,Titans,22,13,221,1,0,1,1,2,3,1,0,0,0,108.33333333333333,2020.0,Regular,Turf-Roof,52.0,scattered clouds,8.05
430,5379,2020,12,Woodside,Logan,QB,5,Colts,Titans,0,0,0,0,0,0,0,3,-5,0,0,0,0,,2020.0,Regular,Turf-Roof,52.0,scattered clouds,8.05
431,5381,2020,12,Cousins,K,QB,12,Panthers,Vikings,46,35,307,3,0,2,16,3,19,0,0,0,0,115.03623188405798,2020.0,Regular,Turf-Dome,35.0,overcast clouds,23.04
432,5374,2020,12,Smith,A,QB,11,Cowboys,Washington,26,19,149,1,1,3,21,3,1,0,0,0,0,83.65384615384616,,,,,,
433,5374,2020,12,Thomas,L,QB,6,Cowboys,Washington,1,1,28,0,0,0,0,1,3,0,4,20,1,202.08333333333334,,,,,,
434,5403,2020,13,Mullens,Nick,QB,4,Bills,49ers,39,26,316,3,2,0,0,0,0,0,0,0,0,95.67307692307692,2020.0,Regular,Grass-Roof,,,
435,5391,2020,13,Trubisky,Mitchell,QB,10,Lions,Bears,34,26,267,1,0,2,18,3,6,0,0,0,0,108.33333333333333,2020.0,Regular,Grass,36.0,overcast clouds,5.23
436,5393,2020,13,Allen,Brandon,QB,8,Dolphins,Bengals,19,11,153,1,1,5,30,2,3,0,0,0,0,79.49561403508771,2020.0,Regular,Grass,79.0,overcast clouds,5.82
437,5393,2020,13,Finley,Ryan,QB,5,Dolphins,Bengals,7,6,40,0,1,1,7,0,0,0,0,0,0,37.79761904761905,2020.0,Regular,Grass,79.0,overcast clouds,5.82
438,5403,2020,13,Allen,Josh,QB,17,49ers,Bills,40,32,375,4,0,1,7,6,11,0,0,0,0,141.14583333333331,2020.0,Regular,Grass-Roof,,,
439,5402,2020,13,Lock,Drew,QB,3,Chiefs,Broncos,28,15,151,2,2,0,0,2,9,0,0,0,0,63.24404761904761,2020.0,Regular,Grass,39.0,clear sky,5.82
440,5396,2020,13,Mayfield,Baker,QB,6,Titans,Browns,33,25,334,4,0,0,0,4,5,0,1,6,0,147.79040404040404,2020.0,Regular,Grass,56.0,broken clouds,2.24
441,5398,2020,13,Murray,Kyler,QB,1,Rams,Cardinals,39,21,173,3,1,2,33,5,15,0,0,0,0,80.39529914529915,2020.0,Regular,Grass-Roof,70.0,clear sky,1.97
442,5401,2020,13,Herbert,Justin,QB,10,Patriots,Chargers,53,26,209,0,2,3,21,0,0,0,0,0,0,43.67138364779875,2020.0,Regular,Grass,70.0,clear sky,3.36
443,5402,2020,13,Mahomes,Patrick,QB,15,Broncos,Chiefs,40,25,318,1,0,1,5,4,26,0,0,0,0,95.625,2020.0,Regular,Grass,39.0,clear sky,5.82
444,5392,2020,13,Rivers,P,QB,17,Texans,Colts,35,27,285,2,0,3,23,2,-2,0,0,0,0,119.34523809523809,2020.0,Regular,Turf-Roof,63.0,scattered clouds,3.36
445,5392,2020,13,Brissett,J,QB,7,Texans,Colts,0,0,0,0,0,0,0,2,1,0,0,0,0,,2020.0,Regular,Turf-Roof,63.0,scattered clouds,3.36
446,5389,2020,13,Dalton,A,QB,14,Ravens,Cowboys,48,31,285,2,1,1,8,1,2,0,0,0,0,85.85069444444446,2020.0,Regular,Grass,33.0,few clouds,8.05
447,5393,2020,13,Tagovailoa,Tua,QB,1,Bengals,Dolphins,39,26,296,1,0,0,0,3,3,0,0,0,0,97.80982905982906,2020.0,Regular,Grass,79.0,overcast clouds,5.82
448,5400,2020,13,Wentz,C,QB,11,Packers,Eagles,15,6,79,0,0,4,22,3,18,0,0,0,0,57.36111111111112,2020.0,Regular,Grass,34.0,broken clouds,9.17
449,5400,2020,13,Hurts,Jalen,QB,2,Packers,Eagles,12,5,109,1,1,3,5,5,29,0,0,0,0,67.70833333333334,2020.0,Regular,Grass,34.0,broken clouds,9.17
450,5390,2020,13,Ryan,M,QB,2,Saints,Falcons,39,19,273,1,0,3,11,0,0,0,0,0,0,80.39529914529915,2020.0,Regular,Turf-Roof,55.0,clear sky,5.82
451,5399,2020,13,McCoy,C,QB,12,Seahawks,Giants,22,13,105,1,1,2,5,2,2,0,0,0,0,67.42424242424244,2020.0,Regular,Turf,52.0,broken clouds,9.17
452,5394,2020,13,Glennon,M,QB,8,Vikings,Jaguars,42,28,280,1,2,2,14,3,9,0,0,0,0,73.51190476190476,2020.0,Regular,Turf-Dome,35.0,haze,8.05
453,5395,2020,13,Darnold,Sam,QB,14,Raiders,Jets,23,14,186,2,1,3,16,3,26,1,0,0,0,97.37318840579711,2020.0,Regular,Turf,40.0,clear sky,17.22
454,5391,2020,13,Stafford,M,QB,9,Bears,Lions,42,27,402,3,1,2,2,2,0,0,0,0,0,109.42460317460319,2020.0,Regular,Grass,36.0,overcast clouds,5.23
455,5400,2020,13,Rodgers,A,QB,12,Eagles,Packers,34,25,295,3,0,2,7,4,-3,0,0,0,0,128.921568627451,2020.0,Regular,Grass,34.0,broken clouds,9.17
456,5401,2020,13,Newton,C,QB,1,Chargers,Patriots,19,12,69,1,0,1,4,14,48,2,0,0,0,87.39035087719299,2020.0,Regular,Grass,70.0,clear sky,3.36
457,5401,2020,13,Stidham,Jarrett,QB,4,Chargers,Patriots,3,2,61,1,0,0,0,2,-2,0,0,0,0,253.4722222222222,2020.0,Regular,Grass,70.0,clear sky,3.36
458,5395,2020,13,Carr,D,QB,5,Jets,Raiders,47,28,381,3,1,2,13,2,5,1,0,0,0,97.91666666666666,2020.0,Regular,Turf,40.0,clear sky,17.22
459,5398,2020,13,Goff,J,QB,16,Cardinals,Rams,47,37,351,1,0,1,7,4,1,1,0,0,0,105.89539007092199,2020.0,Regular,Grass-Roof,70.0,clear sky,1.97
460,5389,2020,13,Jackson,Lamar,QB,8,Cowboys,Ravens,17,12,107,2,1,0,0,13,94,1,0,0,0,101.83823529411767,2020.0,Regular,Grass,33.0,few clouds,8.05
461,5390,2020,13,Hill,Taysom,QB,7,Falcons,Saints,37,27,232,2,0,2,15,14,83,0,0,0,0,107.0382882882883,2020.0,Regular,Turf-Roof,55.0,clear sky,5.82
462,5399,2020,13,Wilson,R,QB,3,Giants,Seahawks,43,27,263,1,1,5,47,7,45,0,0,0,0,77.95542635658914,2020.0,Regular,Turf,52.0,broken clouds,9.17
463,5397,2020,13,Roethlisberger,B,QB,7,Washington,Steelers,53,33,305,2,1,0,0,1,0,0,0,0,0,82.66509433962264,2020.0,Regular,Grass,34.0,cloudy,10.0
464,5392,2020,13,Watson,Deshaun,QB,4,Colts,Texans,38,26,341,0,1,5,33,7,38,1,0,0,0,85.52631578947368,2020.0,Regular,Turf-Roof,63.0,scattered clouds,3.36
465,5396,2020,13,Tannehill,R,QB,17,Browns,Titans,45,29,389,4,1,3,20,0,0,0,0,0,0,112.17592592592594,2020.0,Regular,Grass,56.0,broken clouds,2.24
466,5394,2020,13,Cousins,K,QB,12,Jaguars,Vikings,43,28,305,3,1,4,30,3,12,0,0,0,0,99.46705426356588,2020.0,Regular,Turf-Dome,35.0,haze,8.05
467,5397,2020,13,Smith,A,QB,11,Steelers,Washington,46,31,296,1,0,3,23,0,0,0,0,0,0,92.30072463768117,2020.0,Regular,Grass,34.0,cloudy,10.0
468,5397,2020,13,Thomas,L,QB,6,Steelers,Washington,0,0,0,0,0,0,0,0,0,0,9,98,1,,2020.0,Regular,Grass,34.0,cloudy,10.0
469,5417,2020,14,Mullens,Nick,QB,4,Washington,49ers,45,25,257,1,1,4,24,0,0,0,0,0,0,70.32407407407408,2020.0,Regular,Grass-Roof,59.0,broken clouds,11.41
470,5406,2020,14,Trubisky,Mitchell,QB,10,Texans,Bears,33,24,267,3,0,3,26,4,23,0,0,0,0,126.70454545454548,2020.0,Regular,Grass,35.0,broken clouds,2.44
471,5407,2020,14,Allen,Brandon,QB,8,Cowboys,Bengals,36,27,217,1,0,0,0,4,12,0,0,0,0,98.95833333333334,2020.0,Regular,Turf,43.0,overcast clouds,1.7
472,5407,2020,14,Finley,Ryan,QB,5,Cowboys,Bengals,2,1,5,0,0,2,14,0,0,0,0,0,0,54.166666666666664,2020.0,Regular,Turf,43.0,overcast clouds,1.7
473,5418,2020,14,Allen,Josh,QB,17,Steelers,Bills,43,24,238,2,1,1,8,6,28,0,0,0,0,77.47093023255815,2020.0,Regular,Turf,35.0,overcast clouds,7.99
474,5405,2020,14,Lock,Drew,QB,3,Panthers,Broncos,27,21,280,4,0,1,11,6,4,0,0,0,0,159.49074074074073,2020.0,Regular,Grass,67.0,scattered clouds,5.82
475,5419,2020,14,Mayfield,Baker,QB,6,Ravens,Browns,47,28,343,2,1,0,0,5,23,1,0,0,0,87.45567375886525,2020.0,Regular,Grass,34.0,cloudy,18.0
476,5412,2020,14,Brady,T,QB,12,Vikings,Buccaneers,23,15,196,2,0,0,0,3,-2,0,0,0,0,120.92391304347825,2020.0,Regular,Grass,79.0,broken clouds,8.05
477,5411,2020,14,Murray,Kyler,QB,1,Giants,Cardinals,35,24,244,1,0,1,13,13,47,0,0,0,0,97.79761904761905,2020.0,Regular,Turf,60.0,clear sky,10.29
478,5416,2020,14,Herbert,Justin,QB,10,Falcons,Chargers,44,36,243,2,1,1,3,0,0,0,0,0,0,98.95833333333334,2020.0,Regular,Grass,66.0,clear sky,5.12
479,5410,2020,14,Mahomes,Patrick,QB,15,Dolphins,Chiefs,34,24,393,2,3,3,39,5,9,0,0,0,0,91.91176470588238,2020.0,Regular,Grass,82.0,few clouds,8.05
480,5413,2020,14,Rivers,P,QB,17,Raiders,Colts,28,19,244,2,0,0,0,0,0,0,0,0,0,118.75,2020.0,Regular,Grass-Dome,48.0,broken clouds,4.7
481,5413,2020,14,Brissett,J,QB,7,Raiders,Colts,0,0,0,0,0,0,0,2,-2,0,0,0,0,,2020.0,Regular,Grass-Dome,48.0,broken clouds,4.7
482,5407,2020,14,Dalton,A,QB,14,Bengals,Cowboys,23,16,185,2,0,2,14,1,-1,0,0,0,0,122.55434782608694,2020.0,Regular,Turf,43.0,overcast clouds,1.7
483,5410,2020,14,Tagovailoa,Tua,QB,1,Chiefs,Dolphins,48,28,316,2,1,4,29,6,24,1,0,0,0,83.33333333333334,2020.0,Regular,Grass,82.0,few clouds,8.05
484,5415,2020,14,Hurts,Jalen,QB,2,Saints,Eagles,30,17,167,1,0,0,0,18,106,0,0,0,0,83.61111111111111,2020.0,Regular,Grass,51.0,broken clouds,11.41
485,5416,2020,14,Ryan,M,QB,2,Chargers,Falcons,32,21,224,1,3,2,14,1,3,0,0,0,0,57.291666666666664,2020.0,Regular,Grass,66.0,clear sky,5.12
486,5411,2020,14,McCoy,C,QB,12,Cardinals,Giants,3,2,18,0,0,2,12,0,0,0,0,0,0,82.63888888888889,2020.0,Regular,Turf,60.0,clear sky,10.29
487,5409,2020,14,Glennon,M,QB,8,Titans,Jaguars,23,13,85,0,1,0,0,0,0,0,0,0,0,46.46739130434783,2020.0,Regular,Grass,73.0,scattered clouds,3.38
488,5409,2020,14,Minshew,Gardner,QB,15,Titans,Jaguars,31,18,178,1,0,0,0,2,22,0,0,0,0,85.1478494623656,2020.0,Regular,Grass,73.0,scattered clouds,3.38
489,5414,2020,14,Darnold,Sam,QB,14,Seahawks,Jets,26,14,132,0,0,3,16,1,3,0,0,0,0,68.10897435897436,2020.0,Regular,Turf,43.0,overcast clouds,8.05
490,5408,2020,14,Stafford,M,QB,9,Packers,Lions,34,24,244,1,0,4,31,1,6,0,0,0,0,100.61274509803921,2020.0,Regular,Turf-Dome,35.0,overcast clouds,8.05
491,5408,2020,14,Daniel,C,QB,10,Packers,Lions,6,3,29,0,0,0,0,0,0,0,0,0,0,63.888888888888886,2020.0,Regular,Turf-Dome,35.0,overcast clouds,8.05
492,5408,2020,14,Rodgers,A,QB,12,Lions,Packers,33,26,290,3,0,0,0,6,13,1,0,0,0,134.6590909090909,2020.0,Regular,Turf-Dome,35.0,overcast clouds,8.05
493,5405,2020,14,Bridgewater,T,QB,5,Broncos,Panthers,40,30,283,0,0,4,38,3,31,1,0,0,0,94.0625,2020.0,Regular,Grass,67.0,scattered clouds,5.82
494,5404,2020,14,Newton,C,QB,1,Rams,Patriots,16,9,119,0,1,4,21,7,16,0,0,0,0,53.90625,2020.0,Regular,Turf-Dome,57.0,clear sky,3.36
495,5404,2020,14,Stidham,Jarrett,QB,4,Rams,Patriots,7,5,27,0,0,2,12,1,3,0,0,0,0,77.67857142857144,2020.0,Regular,Turf-Dome,57.0,clear sky,3.36
496,5413,2020,14,Carr,D,QB,5,Colts,Raiders,45,31,316,2,2,0,0,3,12,1,0,0,0,85.0462962962963,2020.0,Regular,Grass-Dome,48.0,broken clouds,4.7
497,5404,2020,14,Goff,J,QB,16,Patriots,Rams,25,16,137,1,1,1,5,4,11,1,0,0,0,74.91666666666667,2020.0,Regular,Turf-Dome,57.0,clear sky,3.36
498,5419,2020,14,Jackson,Lamar,QB,8,Browns,Ravens,17,11,163,1,0,4,22,9,124,2,0,0,0,115.56372549019609,2020.0,Regular,Grass,34.0,cloudy,18.0
499,5419,2020,14,McSorley,Trace,QB,7,Browns,Ravens,4,1,13,0,0,0,0,2,1,0,0,0,0,36.45833333333333,2020.0,Regular,Grass,34.0,cloudy,18.0
500,5415,2020,14,Hill,Taysom,QB,7,Eagles,Saints,38,28,291,2,1,5,29,5,33,0,0,0,0,101.9736842105263,2020.0,Regular,Grass,51.0,broken clouds,11.41
501,5414,2020,14,Wilson,R,QB,3,Jets,Seahawks,27,21,206,4,1,0,0,1,-1,0,0,0,0,132.6388888888889,2020.0,Regular,Turf,43.0,overcast clouds,8.05
502,5414,2020,14,Smith,G,QB,7,Jets,Seahawks,5,4,33,0,0,1,3,2,-2,0,0,0,0,96.25,2020.0,Regular,Turf,43.0,overcast clouds,8.05
503,5418,2020,14,Roethlisberger,B,QB,7,Bills,Steelers,37,21,187,2,2,1,10,0,0,0,0,0,0,65.93468468468468,2020.0,Regular,Turf,35.0,overcast clouds,7.99
504,5406,2020,14,Watson,Deshaun,QB,4,Bears,Texans,30,21,219,1,0,6,52,7,38,0,0,0,0,101.94444444444444,2020.0,Regular,Grass,35.0,broken clouds,2.44
505,5406,2020,14,McCarron,A,QB,5,Bears,Texans,0,0,0,0,0,1,12,0,0,0,0,0,0,,2020.0,Regular,Grass,35.0,broken clouds,2.44
506,5409,2020,14,Tannehill,R,QB,17,Jaguars,Titans,24,19,212,2,0,1,7,0,0,0,0,0,0,132.63888888888889,2020.0,Regular,Grass,73.0,scattered clouds,3.38
507,5409,2020,14,Woodside,Logan,QB,5,Jaguars,Titans,0,0,0,0,0,0,0,1,18,0,0,0,0,,2020.0,Regular,Grass,73.0,scattered clouds,3.38
508,5412,2020,14,Cousins,K,QB,12,Buccaneers,Vikings,37,24,225,1,0,6,52,5,41,0,0,0,0,90.48423423423424,2020.0,Regular,Grass,79.0,broken clouds,8.05
509,5417,2020,14,Smith,A,QB,11,49ers,Washington,19,8,57,0,1,1,5,0,0,0,0,0,0,27.74122807017544,2020.0,Regular,Grass-Roof,59.0,broken clouds,11.41
510,5417,2020,14,Thomas,L,QB,6,49ers,Washington,0,0,0,0,0,0,0,0,0,0,6,43,0,,2020.0,Regular,Grass-Roof,59.0,broken clouds,11.41
511,5417,2020,14,Haskins,Dwayne,QB,7,49ers,Washington,12,7,51,0,0,1,8,4,-12,0,0,0,0,68.40277777777779,2020.0,Regular,Grass-Roof,59.0,broken clouds,11.41
512,5434,2020,15,Mullens,Nick,QB,4,Cowboys,49ers,36,21,219,2,2,2,8,1,7,0,0,0,0,71.41203703703704,2020.0,Regular,Turf-Roof,58.0,clear sky,8.05
513,5434,2020,15,Beathard,C.J.,QB,3,Cowboys,49ers,7,5,100,1,0,0,0,0,0,0,0,0,0,168.75,2020.0,Regular,Turf-Roof,58.0,clear sky,8.05
514,5426,2020,15,Trubisky,Mitchell,QB,10,Vikings,Bears,21,15,202,1,1,1,4,8,34,0,0,0,0,97.71825396825396,2020.0,Regular,Turf-Dome,36.0,scattered clouds,10.29
515,5435,2020,15,Finley,Ryan,QB,5,Steelers,Bengals,13,7,89,1,0,2,11,10,47,1,0,0,0,101.12179487179486,2020.0,Regular,Turf,43.0,cloudy,10.0
516,5423,2020,15,Allen,Josh,QB,17,Broncos,Bills,40,28,359,2,0,1,7,3,33,2,0,0,0,114.47916666666667,2020.0,Regular,Grass,47.0,partly cloudy,24.0
517,5423,2020,15,Lock,Drew,QB,3,Bills,Broncos,32,20,132,1,0,3,17,5,37,0,0,0,0,81.77083333333334,2020.0,Regular,Grass,47.0,partly cloudy,24.0
518,5427,2020,15,Mayfield,Baker,QB,6,Giants,Browns,32,27,297,2,0,1,11,4,11,0,0,0,0,131.90104166666669,2020.0,Regular,Turf,37.0,overcast clouds,2.08
519,5421,2020,15,Brady,T,QB,12,Falcons,Buccaneers,45,31,390,2,0,3,25,2,-2,0,0,0,0,110.41666666666667,2020.0,Regular,Turf-Roof,54.0,overcast clouds,3.36
520,5432,2020,15,Murray,Kyler,QB,1,Eagles,Cardinals,36,27,406,3,1,1,9,8,29,1,0,0,0,127.77777777777777,2020.0,Regular,Grass-Roof,66.0,clear sky,2.17
521,5420,2020,15,Herbert,Justin,QB,10,Raiders,Chargers,32,22,314,2,0,1,8,4,14,1,0,0,0,121.09375,2020.0,Regular,Grass-Dome,57.0,cloudy,7.0
522,5433,2020,15,Mahomes,Patrick,QB,15,Saints,Chiefs,48,26,251,3,0,3,19,7,37,1,0,0,0,89.84375,2020.0,Regular,Turf-Dome,60.0,clear sky,5.0
523,5422,2020,15,Rivers,P,QB,17,Texans,Colts,28,22,228,2,0,1,5,1,-1,0,0,0,0,125.29761904761905,2020.0,Regular,Turf-Roof,39.0,broken clouds,10.29
524,5422,2020,15,Brissett,J,QB,7,Texans,Colts,1,0,0,0,0,0,0,1,2,0,0,0,0,2.083333333333333,2020.0,Regular,Turf-Roof,39.0,broken clouds,10.29
525,5434,2020,15,Dalton,A,QB,14,49ers,Cowboys,33,19,209,2,0,2,17,2,8,0,0,0,0,96.65404040404042,2020.0,Regular,Turf-Roof,58.0,clear sky,8.05
526,5425,2020,15,Tagovailoa,Tua,QB,1,Patriots,Dolphins,26,20,145,0,1,2,12,3,9,2,0,0,0,73.3974358974359,2020.0,Regular,Grass,80.0,few clouds,11.41
527,5432,2020,15,Hurts,Jalen,QB,2,Cardinals,Eagles,44,24,338,3,0,6,33,11,63,1,0,0,0,102.27272727272727,2020.0,Regular,Grass-Roof,66.0,clear sky,2.17
528,5421,2020,15,Ryan,M,QB,2,Buccaneers,Falcons,49,34,356,3,0,3,24,1,16,0,0,0,0,110.58673469387755,2020.0,Regular,Turf-Roof,54.0,overcast clouds,3.36
529,5427,2020,15,McCoy,C,QB,12,Browns,Giants,31,19,221,0,0,1,7,2,3,0,0,0,0,82.86290322580645,2020.0,Regular,Turf,37.0,overcast clouds,2.08
530,5430,2020,15,Minshew,Gardner,QB,15,Ravens,Jaguars,29,22,226,2,0,5,21,2,9,0,0,0,0,120.76149425287358,2020.0,Regular,Grass,43.0,broken clouds,9.17
531,5429,2020,15,Darnold,Sam,QB,14,Rams,Jets,31,22,207,1,0,2,8,5,18,0,0,0,0,99.7983870967742,2020.0,Regular,Turf-Dome,69.0,clear sky,1.32
532,5428,2020,15,Stafford,M,QB,9,Titans,Lions,32,22,252,1,0,0,0,2,12,0,0,0,0,102.60416666666667,2020.0,Regular,Grass,46.0,overcast clouds,3.36
533,5428,2020,15,Daniel,C,QB,10,Titans,Lions,6,5,55,0,1,0,0,1,11,0,0,0,0,40.27777777777779,2020.0,Regular,Grass,46.0,overcast clouds,3.36
534,5424,2020,15,Rodgers,A,QB,12,Panthers,Packers,29,20,143,1,0,5,47,5,26,1,0,0,0,91.5948275862069,2020.0,Regular,Grass,33.0,cloudy,5.0
535,5424,2020,15,Bridgewater,T,QB,5,Packers,Panthers,35,21,258,0,0,3,9,4,26,1,0,0,0,82.79761904761904,2020.0,Regular,Grass,33.0,cloudy,5.0
536,5425,2020,15,Newton,C,QB,1,Dolphins,Patriots,27,17,209,0,0,3,23,9,38,0,0,0,0,86.80555555555557,2020.0,Regular,Grass,80.0,few clouds,11.41
537,5420,2020,15,Carr,D,QB,5,Chargers,Raiders,5,3,53,0,0,1,3,0,0,0,0,0,0,96.25,2020.0,Regular,Grass-Dome,57.0,cloudy,7.0
538,5420,2020,15,Mariota,M,QB,8,Chargers,Raiders,28,17,226,1,1,0,0,9,88,1,0,0,0,83.33333333333334,2020.0,Regular,Grass-Dome,57.0,cloudy,7.0
539,5429,2020,15,Goff,J,QB,16,Jets,Rams,34,22,209,2,1,3,20,1,9,0,0,0,0,88.97058823529413,2020.0,Regular,Turf-Dome,69.0,clear sky,1.32
540,5430,2020,15,Jackson,Lamar,QB,8,Jaguars,Ravens,22,17,243,3,1,1,9,10,35,1,0,0,0,139.0151515151515,2020.0,Regular,Grass,43.0,broken clouds,9.17
541,5430,2020,15,Huntley,Tyler,QB,2,Jaguars,Ravens,4,2,7,0,0,0,0,4,17,0,0,0,0,51.041666666666664,2020.0,Regular,Grass,43.0,broken clouds,9.17
542,5433,2020,15,Brees,D,QB,9,Chiefs,Saints,34,15,234,3,1,1,9,0,0,0,0,0,0,84.68137254901961,2020.0,Regular,Turf-Dome,60.0,clear sky,5.0
543,5433,2020,15,Hill,Taysom,QB,7,Chiefs,Saints,0,0,0,0,0,0,0,2,3,1,0,0,0,,2020.0,Regular,Turf-Dome,60.0,clear sky,5.0
544,5431,2020,15,Wilson,R,QB,3,Washington,Seahawks,27,18,121,1,1,0,0,6,52,0,0,0,0,73.22530864197532,2020.0,Regular,Grass,43.0,overcast clouds,4.7
545,5435,2020,15,Roethlisberger,B,QB,7,Bengals,Steelers,38,20,170,1,1,1,12,2,-1,0,0,0,0,62.39035087719298,2020.0,Regular,Turf,43.0,cloudy,10.0
546,5422,2020,15,Watson,Deshaun,QB,4,Colts,Texans,41,33,373,2,0,5,31,6,25,0,0,0,0,123.32317073170731,2020.0,Regular,Turf-Roof,39.0,broken clouds,10.29
547,5428,2020,15,Tannehill,R,QB,17,Lions,Titans,27,21,273,3,0,1,5,3,21,2,0,0,0,146.0648148148148,2020.0,Regular,Grass,46.0,overcast clouds,3.36
548,5428,2020,15,Woodside,Logan,QB,5,Lions,Titans,0,0,0,0,0,0,0,3,-3,0,0,0,0,,2020.0,Regular,Grass,46.0,overcast clouds,3.36
549,5426,2020,15,Cousins,K,QB,12,Bears,Vikings,35,24,271,2,1,3,22,3,25,0,0,0,0,98.63095238095238,2020.0,Regular,Turf-Dome,36.0,scattered clouds,10.29
550,5431,2020,15,Haskins,Dwayne,QB,7,Seahawks,Washington,55,38,295,1,2,4,26,3,28,0,0,0,0,72.91666666666666,2020.0,Regular,Grass,43.0,overcast clouds,4.7
551,5431,2020,15,Thomas,L,QB,6,Seahawks,Washington,0,0,0,0,0,0,0,0,0,0,13,101,0,,2020.0,Regular,Grass,43.0,overcast clouds,4.7
552,5437,2020,16,Beathard,C.J.,QB,3,Cardinals,49ers,22,13,182,3,0,3,11,3,18,0,0,0,0,131.25,2020.0,Regular,Grass-Roof,69.0,partly cloudy,4.0
553,5440,2020,16,Trubisky,Mitchell,QB,10,Jaguars,Bears,35,24,265,2,1,1,2,2,10,1,0,0,0,97.91666666666666,2020.0,Regular,Grass,59.0,clear sky,4.7
554,5440,2020,16,Foles,N,QB,9,Jaguars,Bears,1,0,0,0,0,0,0,2,-2,0,0,0,0,2.083333333333333,2020.0,Regular,Grass,59.0,clear sky,4.7
555,5439,2020,16,Allen,Brandon,QB,8,Texans,Bengals,37,29,371,2,0,0,0,2,3,0,0,0,0,127.19594594594594,2020.0,Regular,Turf-Roof,72.0,broken clouds,13.87
556,5451,2020,16,Allen,Josh,QB,17,Patriots,Bills,36,27,320,4,0,0,0,4,35,0,0,0,0,138.65740740740742,2020.0,Regular,Turf,38.0,few clouds,3.36
557,5451,2020,16,Barkley,M,QB,2,Patriots,Bills,3,2,11,0,0,0,0,3,-3,0,0,0,0,72.91666666666666,2020.0,Regular,Turf,38.0,few clouds,3.36
558,5446,2020,16,Lock,Drew,QB,3,Chargers,Broncos,47,24,264,0,2,2,1,5,15,1,0,0,0,50.310283687943254,2020.0,Regular,Grass,63.0,clear sky,8.55
559,5442,2020,16,Mayfield,Baker,QB,6,Jets,Browns,53,28,285,0,0,4,31,3,6,0,0,0,0,68.51415094339623,2020.0,Regular,Turf,38.0,clear sky,5.82
560,5438,2020,16,Brady,T,QB,12,Lions,Buccaneers,27,22,348,4,0,1,7,0,0,0,0,0,0,173.070987654321,2020.0,Regular,Turf-Dome,26.0,overcast clouds,11.41
561,5438,2020,16,Gabbert,B,QB,11,Lions,Buccaneers,15,9,143,2,0,1,7,2,15,0,0,0,0,136.25,2020.0,Regular,Turf-Dome,26.0,overcast clouds,11.41
562,5437,2020,16,Murray,Kyler,QB,1,49ers,Cardinals,50,31,247,0,1,3,17,8,75,0,0,0,0,66.0,2020.0,Regular,Grass-Roof,69.0,partly cloudy,4.0
563,5446,2020,16,Herbert,Justin,QB,10,Broncos,Chargers,33,21,253,1,0,2,26,4,26,0,0,0,0,97.15909090909092,2020.0,Regular,Grass,63.0,clear sky,8.55
564,5441,2020,16,Mahomes,Patrick,QB,15,Falcons,Chiefs,44,24,278,2,1,0,0,3,21,0,0,0,0,79.54545454545455,2020.0,Regular,Grass,50.0,scattered clouds,11.41
565,5443,2020,16,Rivers,P,QB,17,Steelers,Colts,35,22,270,1,1,5,32,0,0,0,0,0,0,84.22619047619047,2020.0,Regular,Grass,40.0,clear sky,10.29
566,5443,2020,16,Brissett,J,QB,7,Steelers,Colts,0,0,0,0,0,0,0,1,1,0,0,0,0,,2020.0,Regular,Grass,40.0,clear sky,10.29
567,5449,2020,16,Dalton,A,QB,14,Eagles,Cowboys,30,22,377,3,1,2,15,5,15,0,0,0,0,135.0,2020.0,Regular,Turf-Roof,73.0,few clouds,10.29
568,5444,2020,16,Tagovailoa,Tua,QB,1,Raiders,Dolphins,22,17,94,1,0,3,23,3,11,0,0,0,0,99.43181818181817,2020.0,Regular,Grass-Dome,52.0,clear sky,2.0
569,5444,2020,16,Fitzpatrick,R,QB,12,Raiders,Dolphins,13,9,182,1,0,0,0,0,0,0,0,0,0,143.75,2020.0,Regular,Grass-Dome,52.0,clear sky,2.0
570,5449,2020,16,Hurts,Jalen,QB,2,Cowboys,Eagles,39,21,342,1,2,3,16,9,69,0,0,0,0,70.67307692307693,2020.0,Regular,Turf-Roof,73.0,few clouds,10.29
571,5441,2020,16,Ryan,M,QB,2,Chiefs,Falcons,35,27,300,2,0,4,23,1,-1,0,0,0,0,121.13095238095238,2020.0,Regular,Grass,50.0,scattered clouds,11.41
572,5440,2020,16,Glennon,M,QB,8,Bears,Jaguars,37,24,211,2,2,1,8,0,0,0,0,0,0,75.39414414414415,2020.0,Regular,Grass,59.0,clear sky,4.7
573,5442,2020,16,Darnold,Sam,QB,14,Browns,Jets,32,16,175,2,0,2,16,7,20,0,0,0,0,87.36979166666666,2020.0,Regular,Turf,38.0,clear sky,5.82
574,5438,2020,16,Stafford,M,QB,9,Buccaneers,Lions,3,2,17,0,0,0,0,0,0,0,0,0,0,81.25,2020.0,Regular,Turf-Dome,26.0,overcast clouds,11.41
575,5438,2020,16,Daniel,C,QB,10,Buccaneers,Lions,18,13,86,0,0,3,29,0,0,0,0,0,0,82.17592592592592,2020.0,Regular,Turf-Dome,26.0,overcast clouds,11.41
576,5438,2020,16,Blough,David,QB,10,Buccaneers,Lions,10,6,49,0,1,1,10,1,18,0,0,0,0,30.833333333333336,2020.0,Regular,Turf-Dome,26.0,overcast clouds,11.41
577,5450,2020,16,Rodgers,A,QB,12,Titans,Packers,25,21,231,4,1,1,17,3,19,0,0,0,0,147.25,2020.0,Regular,Grass,26.0,light snow,13.87
578,5450,2020,16,Boyle,Tim,QB,8,Titans,Packers,0,0,0,0,0,0,0,3,-3,0,0,0,0,,2020.0,Regular,Grass,26.0,light snow,13.87
579,5447,2020,16,Bridgewater,T,QB,5,Washington,Panthers,28,19,197,1,1,4,30,6,7,0,0,0,0,84.9702380952381,2020.0,Regular,Grass,41.0,clear sky,4.7
580,5451,2020,16,Newton,C,QB,1,Bills,Patriots,10,5,34,0,0,2,20,4,24,1,0,0,0,57.91666666666667,2020.0,Regular,Turf,38.0,few clouds,3.36
581,5451,2020,16,Stidham,Jarrett,QB,4,Bills,Patriots,11,4,44,0,0,1,2,0,0,0,0,0,0,49.053030303030305,2020.0,Regular,Turf,38.0,few clouds,3.36
582,5444,2020,16,Carr,D,QB,5,Dolphins,Raiders,34,21,336,1,0,3,22,2,-2,1,0,0,0,104.53431372549021,2020.0,Regular,Grass-Dome,52.0,clear sky,2.0
583,5448,2020,16,Goff,J,QB,16,Seahawks,Rams,43,24,234,0,1,3,18,7,23,0,0,0,0,61.57945736434108,2020.0,Regular,Turf,46.0,overcast clouds,4.7
584,5445,2020,16,Jackson,Lamar,QB,8,Giants,Ravens,26,17,183,2,0,0,0,13,80,0,0,0,0,111.53846153846155,2020.0,Regular,Grass,38.0,scattered clouds,8.05
585,5436,2020,16,Brees,D,QB,9,Vikings,Saints,26,19,311,0,2,0,0,3,-3,0,0,0,0,80.76923076923076,2020.0,Regular,Turf-Dome,49.0,clear sky,9.0
586,5436,2020,16,Hill,Taysom,QB,7,Vikings,Saints,2,2,8,0,0,0,0,5,18,1,1,19,0,102.08333333333333,2020.0,Regular,Turf-Dome,49.0,clear sky,9.0
587,5448,2020,16,Wilson,R,QB,3,Rams,Seahawks,32,20,225,1,0,5,28,3,9,1,0,0,0,93.88020833333334,2020.0,Regular,Turf,46.0,overcast clouds,4.7
588,5443,2020,16,Roethlisberger,B,QB,7,Colts,Steelers,49,34,342,3,0,1,9,2,-2,0,0,0,0,109.39625850340136,2020.0,Regular,Grass,40.0,clear sky,10.29
589,5439,2020,16,Watson,Deshaun,QB,4,Bengals,Texans,33,24,302,3,0,1,2,5,38,0,0,0,0,131.12373737373738,2020.0,Regular,Turf-Roof,72.0,broken clouds,13.87
590,5450,2020,16,Tannehill,R,QB,17,Packers,Titans,24,11,121,1,2,2,17,3,55,1,0,0,0,40.4513888888889,2020.0,Regular,Grass,26.0,light snow,13.87
591,5450,2020,16,Woodside,Logan,QB,5,Packers,Titans,2,0,0,0,0,0,0,0,0,0,0,0,0,2.083333333333333,2020.0,Regular,Grass,26.0,light snow,13.87
592,5436,2020,16,Cousins,K,QB,12,Saints,Vikings,41,27,291,3,0,2,17,0,0,0,0,0,0,110.92479674796749,2020.0,Regular,Turf-Dome,49.0,clear sky,9.0
593,5447,2020,16,Haskins,Dwayne,QB,7,Panthers,Washington,28,14,154,0,2,2,6,0,0,0,0,0,0,36.904761904761905,2020.0,Regular,Grass,41.0,clear sky,4.7
594,5447,2020,16,Thomas,L,QB,6,Panthers,Washington,0,0,0,0,0,0,0,1,0,0,7,63,0,,2020.0,Regular,Grass,41.0,clear sky,4.7
595,5447,2020,16,Heinicke,Taylor,QB,6,Panthers,Washington,19,12,137,1,0,1,7,3,22,0,0,0,0,102.30263157894737,2020.0,Regular,Grass,41.0,clear sky,4.7
596,5467,2020,17,Beathard,C.J.,QB,3,Seahawks,49ers,37,25,273,1,0,3,31,3,10,0,0,0,0,98.14189189189189,2020.0,Regular,Grass,57.0,broken clouds,4.7
597,5454,2020,17,Trubisky,Mitchell,QB,10,Packers,Bears,42,33,252,0,1,1,4,4,22,0,0,0,0,82.63888888888889,2020.0,Regular,Grass,34.0,mist,6.93
598,5455,2020,17,Allen,Brandon,QB,8,Ravens,Bengals,21,6,48,0,2,0,0,1,2,0,0,0,0,-4.265873015873017,2020.0,Regular,Turf,39.0,overcast clouds,14.99
599,5452,2020,17,Allen,Josh,QB,17,Dolphins,Bills,25,18,224,3,1,1,11,2,3,0,0,0,0,122.75,2020.0,Regular,Turf,35.0,overcast clouds,1.5
600,5452,2020,17,Barkley,M,QB,2,Dolphins,Bills,13,6,164,1,1,0,0,3,-3,0,0,0,0,86.69871794871794,2020.0,Regular,Turf,35.0,overcast clouds,1.5
601,5465,2020,17,Lock,Drew,QB,3,Raiders,Broncos,41,25,339,2,0,2,15,2,7,0,0,0,0,103.60772357723577,2020.0,Regular,Grass,50.0,scattered clouds,24.16
602,5456,2020,17,Mayfield,Baker,QB,6,Steelers,Browns,27,17,196,1,0,4,30,6,44,0,0,0,0,97.14506172839506,2020.0,Regular,Grass,39.0,overcast clouds,6.93
603,5464,2020,17,Brady,T,QB,12,Falcons,Buccaneers,41,26,399,4,1,1,8,5,3,0,0,0,0,117.83536585365854,2020.0,Regular,Grass,65.0,overcast clouds,5.82
604,5466,2020,17,Murray,Kyler,QB,1,Rams,Cardinals,11,8,87,0,0,2,16,2,3,0,0,0,0,95.6439393939394,2020.0,Regular,Turf-Dome,61.0,clear sky,3.36
605,5466,2020,17,Streveler,Chris,QB,15,Rams,Cardinals,16,11,105,1,1,2,10,3,12,0,0,0,0,81.51041666666666,2020.0,Regular,Turf-Dome,61.0,clear sky,3.36
606,5460,2020,17,Herbert,Justin,QB,10,Chiefs,Chargers,31,22,302,3,0,3,21,6,9,1,0,0,0,134.0725806451613,2020.0,Regular,Grass,32.0,fog,9.17
607,5460,2020,17,Henne,C,QB,7,Chargers,Chiefs,32,23,218,2,0,1,1,2,0,0,0,0,0,111.19791666666667,2020.0,Regular,Grass,32.0,fog,9.17
608,5457,2020,17,Rivers,P,QB,17,Jaguars,Colts,27,17,164,1,1,0,0,2,-2,0,0,0,0,76.7746913580247,2020.0,Regular,Turf-Roof,34.0,overcast clouds,14.99
609,5457,2020,17,Brissett,J,QB,7,Jaguars,Colts,0,0,0,0,0,0,0,2,3,0,0,0,0,,2020.0,Regular,Turf-Roof,34.0,overcast clouds,14.99
610,5462,2020,17,Dalton,A,QB,14,Giants,Cowboys,47,29,243,0,1,6,44,7,48,0,0,0,0,66.1790780141844,2020.0,Regular,Turf,36.0,overcast clouds,16.11
611,5452,2020,17,Tagovailoa,Tua,QB,1,Bills,Dolphins,58,35,361,1,3,1,9,6,28,0,0,0,0,62.5,2020.0,Regular,Turf,35.0,overcast clouds,1.5
612,5463,2020,17,Hurts,Jalen,QB,2,Washington,Eagles,20,7,72,0,1,1,5,8,34,2,0,0,0,25.416666666666664,2020.0,Regular,Grass,38.0,light rain,10.29
613,5463,2020,17,Sudfeld,Nate,QB,7,Washington,Eagles,12,5,32,0,1,2,16,2,12,0,0,0,0,13.19444444444445,2020.0,Regular,Grass,38.0,light rain,10.29
614,5464,2020,17,Ryan,M,QB,2,Buccaneers,Falcons,44,29,265,2,0,1,7,3,1,1,0,0,0,97.25378787878788,2020.0,Regular,Grass,65.0,overcast clouds,5.82
615,5457,2020,17,Glennon,M,QB,8,Colts,Jaguars,42,26,261,2,0,6,35,1,2,0,0,0,0,95.43650793650794,2020.0,Regular,Turf-Roof,34.0,overcast clouds,14.99
616,5461,2020,17,Darnold,Sam,QB,14,Patriots,Jets,34,23,266,1,2,3,27,1,3,0,0,0,0,76.34803921568628,2020.0,Regular,Turf,35.0,overcast clouds,3.36
617,5458,2020,17,Stafford,M,QB,9,Vikings,Lions,31,20,293,3,1,1,5,2,9,0,0,0,0,114.04569892473117,2020.0,Regular,Turf-Dome,35.0,mist,3.36
618,5454,2020,17,Rodgers,A,QB,12,Bears,Packers,24,19,240,4,0,1,3,1,4,0,0,0,0,165.27777777777777,2020.0,Regular,Grass,34.0,mist,6.93
619,5453,2020,17,Bridgewater,T,QB,5,Saints,Panthers,23,13,176,0,2,1,10,3,7,0,0,0,0,44.83695652173913,2020.0,Regular,Grass,57.0,broken clouds,6.93
620,5453,2020,17,Stevens,Tommy,QB,15,Saints,Panthers,0,0,0,0,0,0,0,4,24,0,0,0,0,,2020.0,Regular,Grass,57.0,broken clouds,6.93
621,5453,2020,17,Walker,Phillip,QB,8,Saints,Panthers,14,5,95,0,3,2,15,0,0,0,0,0,0,-29.166666666666657,2020.0,Regular,Grass,57.0,broken clouds,6.93
622,5461,2020,17,Newton,C,QB,1,Jets,Patriots,30,21,242,3,0,3,23,11,79,0,1,19,1,127.3611111111111,2020.0,Regular,Turf,35.0,overcast clouds,3.36
623,5465,2020,17,Carr,D,QB,5,Broncos,Raiders,38,24,371,2,2,3,12,2,1,0,0,0,0,91.00877192982456,2020.0,Regular,Grass,50.0,scattered clouds,24.16
624,5466,2020,17,Wolford,John,QB,9,Cardinals,Rams,38,22,231,0,1,2,8,6,56,0,0,0,0,64.69298245614036,2020.0,Regular,Turf-Dome,61.0,clear sky,3.36
625,5455,2020,17,Jackson,Lamar,QB,8,Bengals,Ravens,18,10,113,3,1,0,0,11,97,0,0,0,0,106.94444444444444,2020.0,Regular,Turf,39.0,overcast clouds,14.99
626,5455,2020,17,Huntley,Tyler,QB,2,Bengals,Ravens,1,1,8,0,0,0,0,6,5,0,0,0,0,118.75,2020.0,Regular,Turf,39.0,overcast clouds,14.99
627,5453,2020,17,Brees,D,QB,9,Panthers,Saints,32,22,201,3,0,2,8,0,0,0,0,0,0,116.796875,2020.0,Regular,Grass,57.0,broken clouds,6.93
628,5453,2020,17,Hill,Taysom,QB,7,Panthers,Saints,0,0,0,0,0,0,0,7,41,1,1,5,0,,2020.0,Regular,Grass,57.0,broken clouds,6.93
629,5453,2020,17,Winston,J,QB,3,Panthers,Saints,0,0,0,0,0,0,0,1,-1,0,0,0,0,,2020.0,Regular,Grass,57.0,broken clouds,6.93
630,5467,2020,17,Wilson,R,QB,3,49ers,Seahawks,36,20,181,2,0,2,22,5,29,0,0,0,0,87.84722222222223,2020.0,Regular,Grass,57.0,broken clouds,4.7
631,5456,2020,17,Rudolph,Mason,QB,2,Browns,Steelers,39,22,315,2,1,1,8,1,1,0,0,0,0,89.15598290598291,2020.0,Regular,Grass,39.0,overcast clouds,6.93
632,5456,2020,17,Dobbs,Joshua,QB,5,Browns,Steelers,5,4,2,0,0,0,0,2,20,0,0,0,0,70.41666666666666,2020.0,Regular,Grass,39.0,overcast clouds,6.93
633,5459,2020,17,Watson,Deshaun,QB,4,Titans,Texans,39,28,365,3,1,4,24,3,12,0,0,0,0,115.8653846153846,2020.0,Regular,Turf-Roof,64.0,few clouds,12.75
634,5459,2020,17,McCarron,A,QB,5,Titans,Texans,1,1,20,0,0,0,0,0,0,0,0,0,0,168.75,2020.0,Regular,Turf-Roof,64.0,few clouds,12.75
635,5459,2020,17,Tannehill,R,QB,17,Texans,Titans,27,18,216,1,0,2,12,7,38,2,0,0,0,103.3179012345679,2020.0,Regular,Turf-Roof,64.0,few clouds,12.75
636,5458,2020,17,Cousins,K,QB,12,Lions,Vikings,40,28,405,3,0,3,22,5,1,1,0,0,0,127.60416666666667,2020.0,Regular,Turf-Dome,35.0,mist,3.36
637,5463,2020,17,Smith,A,QB,11,Eagles,Washington,32,22,162,2,2,3,17,1,0,0,0,0,0,75.26041666666666,2020.0,Regular,Grass,38.0,light rain,10.29
638,5463,2020,17,Thomas,L,QB,6,Eagles,Washington,0,0,0,0,0,0,0,0,0,0,3,37,1,,2020.0,Regular,Grass,38.0,light rain,10.29
